X,CH1,CH2,Start,Increment,
Sequence,Volt,Volt,-1.400000e-03,2.000000e-06,
0,-5.880000e-01,5.280000e-02,
1,-5.880000e-01,5.200000e-02,
2,-5.880000e-01,5.280000e-02,
3,-5.880000e-01,5.200000e-02,
4,-6.000000e-01,5.120000e-02,
5,-6.120000e-01,5.120000e-02,
6,-6.240000e-01,5.040000e-02,
7,-6.360000e-01,5.040000e-02,
8,-6.360000e-01,4.880000e-02,
9,-6.480000e-01,4.880000e-02,
10,-6.600000e-01,4.880000e-02,
11,-6.720000e-01,4.880000e-02,
12,-6.720000e-01,4.720000e-02,
13,-6.840000e-01,4.720000e-02,
14,-6.960000e-01,4.640000e-02,
15,-7.080000e-01,4.640000e-02,
16,-7.080000e-01,4.480000e-02,
17,-7.200000e-01,4.400000e-02,
18,-7.320000e-01,4.400000e-02,
19,-7.440000e-01,4.320000e-02,
20,-7.440000e-01,4.320000e-02,
21,-7.560000e-01,4.320000e-02,
22,-7.560000e-01,4.080000e-02,
23,-7.680000e-01,4.160000e-02,
24,-7.800000e-01,3.920000e-02,
25,-7.920000e-01,3.920000e-02,
26,-7.920000e-01,3.840000e-02,
27,-8.040000e-01,3.840000e-02,
28,-8.040000e-01,3.760000e-02,
29,-8.160000e-01,3.680000e-02,
30,-8.160000e-01,3.600000e-02,
31,-8.280000e-01,3.680000e-02,
32,-8.280000e-01,3.440000e-02,
33,-8.400000e-01,3.440000e-02,
34,-8.520000e-01,3.280000e-02,
35,-8.520000e-01,3.360000e-02,
36,-8.640000e-01,3.200000e-02,
37,-8.640000e-01,3.200000e-02,
38,-8.760000e-01,3.040000e-02,
39,-8.880000e-01,3.040000e-02,
40,-8.880000e-01,2.880000e-02,
41,-8.880000e-01,2.880000e-02,
42,-9.000000e-01,2.800000e-02,
43,-9.000000e-01,2.720000e-02,
44,-9.000000e-01,2.640000e-02,
45,-9.120000e-01,2.640000e-02,
46,-9.120000e-01,2.400000e-02,
47,-9.240000e-01,2.400000e-02,
48,-9.240000e-01,2.320000e-02,
49,-9.360000e-01,2.320000e-02,
50,-9.240000e-01,2.080000e-02,
51,-9.360000e-01,2.160000e-02,
52,-9.360000e-01,2.000000e-02,
53,-9.480000e-01,2.000000e-02,
54,-9.480000e-01,1.840000e-02,
55,-9.600000e-01,1.840000e-02,
56,-9.600000e-01,1.760000e-02,
57,-9.600000e-01,1.760000e-02,
58,-9.720000e-01,1.600000e-02,
59,-9.600000e-01,1.600000e-02,
60,-9.720000e-01,1.440000e-02,
61,-9.600000e-01,1.440000e-02,
62,-9.720000e-01,1.200000e-02,
63,-9.840000e-01,1.200000e-02,
64,-9.720000e-01,1.040000e-02,
65,-9.840000e-01,1.040000e-02,
66,-9.720000e-01,9.600000e-03,
67,-9.840000e-01,8.800000e-03,
68,-9.840000e-01,7.999999e-03,
69,-9.840000e-01,7.200000e-03,
70,-9.840000e-01,5.600000e-03,
71,-9.840000e-01,5.600000e-03,
72,-9.840000e-01,4.000000e-03,
73,-9.840000e-01,4.000000e-03,
74,-9.960000e-01,2.400000e-03,
75,-9.840000e-01,3.200000e-03,
76,-9.840000e-01,8.000000e-04,
77,-9.960000e-01,8.000000e-04,
78,-9.960000e-01,0.000000e+00,
79,-9.840000e-01,-8.000000e-04,
80,-9.840000e-01,-3.200000e-03,
81,-9.960000e-01,-3.200000e-03,
82,-9.840000e-01,-4.000000e-03,
83,-9.840000e-01,-4.800000e-03,
84,-9.720000e-01,-4.800000e-03,
85,-9.840000e-01,-5.600000e-03,
86,-9.840000e-01,-7.200000e-03,
87,-9.720000e-01,-7.200000e-03,
88,-9.840000e-01,-8.800000e-03,
89,-9.720000e-01,-8.800000e-03,
90,-9.720000e-01,-1.120000e-02,
91,-9.720000e-01,-1.120000e-02,
92,-9.720000e-01,-1.200000e-02,
93,-9.600000e-01,-1.200000e-02,
94,-9.720000e-01,-1.360000e-02,
95,-9.600000e-01,-1.280000e-02,
96,-9.600000e-01,-1.520000e-02,
97,-9.480000e-01,-1.600000e-02,
98,-9.480000e-01,-1.680000e-02,
99,-9.480000e-01,-1.760000e-02,
100,-9.360000e-01,-1.840000e-02,
101,-9.480000e-01,-1.840000e-02,
102,-9.360000e-01,-2.000000e-02,
103,-9.240000e-01,-2.000000e-02,
104,-9.360000e-01,-2.160000e-02,
105,-9.240000e-01,-2.160000e-02,
106,-9.240000e-01,-2.320000e-02,
107,-9.120000e-01,-2.240000e-02,
108,-9.120000e-01,-2.480000e-02,
109,-9.000000e-01,-2.480000e-02,
110,-9.000000e-01,-2.560000e-02,
111,-8.880000e-01,-2.640000e-02,
112,-8.880000e-01,-2.640000e-02,
113,-8.760000e-01,-2.720000e-02,
114,-8.760000e-01,-2.880000e-02,
115,-8.640000e-01,-2.960000e-02,
116,-8.640000e-01,-3.120000e-02,
117,-8.640000e-01,-3.120000e-02,
118,-8.520000e-01,-3.120000e-02,
119,-8.400000e-01,-3.120000e-02,
120,-8.400000e-01,-3.360000e-02,
121,-8.280000e-01,-3.360000e-02,
122,-8.280000e-01,-3.440000e-02,
123,-8.160000e-01,-3.440000e-02,
124,-8.160000e-01,-3.600000e-02,
125,-8.040000e-01,-3.600000e-02,
126,-7.920000e-01,-3.680000e-02,
127,-7.920000e-01,-3.680000e-02,
128,-7.800000e-01,-3.840000e-02,
129,-7.800000e-01,-3.920000e-02,
130,-7.680000e-01,-3.920000e-02,
131,-7.560000e-01,-3.920000e-02,
132,-7.560000e-01,-4.080000e-02,
133,-7.440000e-01,-4.080000e-02,
134,-7.320000e-01,-4.240000e-02,
135,-7.200000e-01,-4.160000e-02,
136,-7.200000e-01,-4.400000e-02,
137,-7.080000e-01,-4.400000e-02,
138,-6.960000e-01,-4.480000e-02,
139,-6.840000e-01,-4.400000e-02,
140,-6.840000e-01,-4.480000e-02,
141,-6.720000e-01,-4.480000e-02,
142,-6.600000e-01,-4.640000e-02,
143,-6.480000e-01,-4.640000e-02,
144,-6.480000e-01,-4.720000e-02,
145,-6.360000e-01,-4.800000e-02,
146,-6.240000e-01,-4.880000e-02,
147,-6.120000e-01,-4.960000e-02,
148,-6.000000e-01,-5.040000e-02,
149,-6.000000e-01,-4.960000e-02,
150,-5.880000e-01,-5.120000e-02,
151,-5.760000e-01,-5.040000e-02,
152,-5.640000e-01,-5.200000e-02,
153,-5.520000e-01,-5.200000e-02,
154,-5.400000e-01,-5.280000e-02,
155,-5.400000e-01,-5.280000e-02,
156,-5.280000e-01,-5.360000e-02,
157,-5.160000e-01,-5.360000e-02,
158,-5.040000e-01,-5.440000e-02,
159,-4.920000e-01,-5.440000e-02,
160,-4.800000e-01,-5.600000e-02,
161,-4.680000e-01,-5.600000e-02,
162,-4.560000e-01,-5.600000e-02,
163,-4.440000e-01,-5.600000e-02,
164,-4.320000e-01,-5.760000e-02,
165,-4.200000e-01,-5.680000e-02,
166,-4.080000e-01,-5.760000e-02,
167,-3.960000e-01,-5.760000e-02,
168,-3.840000e-01,-5.840000e-02,
169,-3.840000e-01,-5.840000e-02,
170,-3.600000e-01,-5.920000e-02,
171,-3.600000e-01,-5.840000e-02,
172,-3.360000e-01,-5.920000e-02,
173,-3.360000e-01,-5.920000e-02,
174,-3.240000e-01,-6.000000e-02,
175,-3.120000e-01,-5.920000e-02,
176,-3.000000e-01,-6.000000e-02,
177,-2.880000e-01,-6.000000e-02,
178,-2.640000e-01,-6.160000e-02,
179,-2.640000e-01,-6.160000e-02,
180,-2.400000e-01,-6.160000e-02,
181,-2.400000e-01,-6.160000e-02,
182,-2.160000e-01,-6.160000e-02,
183,-2.160000e-01,-6.160000e-02,
184,-1.920000e-01,-6.160000e-02,
185,-1.920000e-01,-6.240000e-02,
186,-1.680000e-01,-6.240000e-02,
187,-1.560000e-01,-6.240000e-02,
188,-1.440000e-01,-6.240000e-02,
189,-1.320000e-01,-6.320000e-02,
190,-1.200000e-01,-6.320000e-02,
191,-1.080000e-01,-6.320000e-02,
192,-9.600000e-02,-6.400000e-02,
193,-8.400000e-02,-6.320000e-02,
194,-7.200000e-02,-6.400000e-02,
195,-6.000000e-02,-6.320000e-02,
196,-4.800000e-02,-6.400000e-02,
197,-3.600000e-02,-6.320000e-02,
198,-2.400000e-02,-6.320000e-02,
199,-1.200000e-02,-6.400000e-02,
200,0.000000e+00,-6.400000e-02,
201,1.200000e-02,-6.400000e-02,
202,3.600000e-02,-6.160000e-02,
203,3.600000e-02,-6.240000e-02,
204,6.000000e-02,-6.400000e-02,
205,6.000000e-02,-6.400000e-02,
206,8.400000e-02,-6.320000e-02,
207,8.400000e-02,-6.320000e-02,
208,1.080000e-01,-6.400000e-02,
209,1.200000e-01,-6.320000e-02,
210,1.320000e-01,-6.400000e-02,
211,1.440000e-01,-6.320000e-02,
212,1.560000e-01,-6.240000e-02,
213,1.680000e-01,-6.320000e-02,
214,1.800000e-01,-6.320000e-02,
215,1.920000e-01,-6.320000e-02,
216,2.040000e-01,-6.320000e-02,
217,2.160000e-01,-6.240000e-02,
218,2.280000e-01,-6.240000e-02,
219,2.400000e-01,-6.320000e-02,
220,2.520000e-01,-6.160000e-02,
221,2.640000e-01,-6.160000e-02,
222,2.760000e-01,-6.160000e-02,
223,2.880000e-01,-6.160000e-02,
224,3.000000e-01,-6.160000e-02,
225,3.120000e-01,-6.160000e-02,
226,3.240000e-01,-6.080000e-02,
227,3.360000e-01,-6.080000e-02,
228,3.480000e-01,-6.000000e-02,
229,3.600000e-01,-6.000000e-02,
230,3.720000e-01,-5.920000e-02,
231,3.840000e-01,-5.920000e-02,
232,3.960000e-01,-5.920000e-02,
233,3.960000e-01,-5.920000e-02,
234,4.200000e-01,-5.840000e-02,
235,4.320000e-01,-5.840000e-02,
236,4.440000e-01,-5.760000e-02,
237,4.560000e-01,-5.760000e-02,
238,4.680000e-01,-5.680000e-02,
239,4.560000e-01,-5.760000e-02,
240,4.800000e-01,-5.600000e-02,
241,4.920000e-01,-5.680000e-02,
242,5.040000e-01,-5.520000e-02,
243,5.160000e-01,-5.600000e-02,
244,5.280000e-01,-5.520000e-02,
245,5.400000e-01,-5.520000e-02,
246,5.520000e-01,-5.440000e-02,
247,5.640000e-01,-5.360000e-02,
248,5.640000e-01,-5.360000e-02,
249,5.760000e-01,-5.280000e-02,
250,5.880000e-01,-5.200000e-02,
251,6.000000e-01,-5.120000e-02,
252,6.120000e-01,-5.120000e-02,
253,6.240000e-01,-5.120000e-02,
254,6.240000e-01,-5.040000e-02,
255,6.360000e-01,-4.960000e-02,
256,6.480000e-01,-4.880000e-02,
257,6.600000e-01,-4.880000e-02,
258,6.720000e-01,-4.800000e-02,
259,6.720000e-01,-4.800000e-02,
260,6.840000e-01,-4.640000e-02,
261,6.960000e-01,-4.640000e-02,
262,7.080000e-01,-4.560000e-02,
263,7.080000e-01,-4.640000e-02,
264,7.200000e-01,-4.480000e-02,
265,7.320000e-01,-4.480000e-02,
266,7.440000e-01,-4.240000e-02,
267,7.440000e-01,-4.320000e-02,
268,7.560000e-01,-4.240000e-02,
269,7.680000e-01,-4.240000e-02,
270,7.680000e-01,-4.080000e-02,
271,7.800000e-01,-4.080000e-02,
272,7.920000e-01,-4.000000e-02,
273,7.920000e-01,-4.000000e-02,
274,8.040000e-01,-3.840000e-02,
275,8.040000e-01,-3.760000e-02,
276,8.160000e-01,-3.680000e-02,
277,8.280000e-01,-3.680000e-02,
278,8.280000e-01,-3.600000e-02,
279,8.400000e-01,-3.600000e-02,
280,8.520000e-01,-3.520000e-02,
281,8.520000e-01,-3.440000e-02,
282,8.520000e-01,-3.280000e-02,
283,8.640000e-01,-3.280000e-02,
284,8.760000e-01,-3.120000e-02,
285,8.640000e-01,-3.120000e-02,
286,8.760000e-01,-3.040000e-02,
287,8.880000e-01,-2.960000e-02,
288,9.000000e-01,-2.880000e-02,
289,9.000000e-01,-2.880000e-02,
290,9.120000e-01,-2.800000e-02,
291,9.000000e-01,-2.720000e-02,
292,9.240000e-01,-2.560000e-02,
293,9.120000e-01,-2.640000e-02,
294,9.360000e-01,-2.400000e-02,
295,9.360000e-01,-2.480000e-02,
296,9.480000e-01,-2.320000e-02,
297,9.360000e-01,-2.320000e-02,
298,9.480000e-01,-2.160000e-02,
299,9.480000e-01,-2.160000e-02,
300,9.600000e-01,-2.000000e-02,
301,9.600000e-01,-2.080000e-02,
302,9.720000e-01,-1.840000e-02,
303,9.600000e-01,-1.840000e-02,
304,9.720000e-01,-1.760000e-02,
305,9.600000e-01,-1.760000e-02,
306,9.840000e-01,-1.600000e-02,
307,9.840000e-01,-1.520000e-02,
308,9.840000e-01,-1.360000e-02,
309,9.840000e-01,-1.360000e-02,
310,9.960000e-01,-1.200000e-02,
311,9.840000e-01,-1.200000e-02,
312,9.960000e-01,-1.040000e-02,
313,9.840000e-01,-1.040000e-02,
314,9.960000e-01,-9.600000e-03,
315,9.960000e-01,-8.800000e-03,
316,1.008000e+00,-7.200000e-03,
317,9.960000e-01,-7.200000e-03,
318,1.008000e+00,-5.600000e-03,
319,1.008000e+00,-5.600000e-03,
320,9.960000e-01,-4.000000e-03,
321,1.008000e+00,-4.000000e-03,
322,1.008000e+00,-2.400000e-03,
323,9.960000e-01,-2.400000e-03,
324,9.960000e-01,-8.000000e-04,
325,1.008000e+00,0.000000e+00,
326,1.008000e+00,8.000000e-04,
327,9.960000e-01,1.600000e-03,
328,1.008000e+00,1.600000e-03,
329,9.960000e-01,2.400000e-03,
330,1.008000e+00,4.000000e-03,
331,9.960000e-01,4.800000e-03,
332,1.008000e+00,6.400000e-03,
333,9.960000e-01,6.400000e-03,
334,1.008000e+00,7.200000e-03,
335,1.008000e+00,7.999999e-03,
336,1.008000e+00,9.600000e-03,
337,9.960000e-01,8.800000e-03,
338,9.960000e-01,1.120000e-02,
339,9.840000e-01,1.120000e-02,
340,9.960000e-01,1.200000e-02,
341,9.960000e-01,1.200000e-02,
342,9.840000e-01,1.360000e-02,
343,9.960000e-01,1.360000e-02,
344,9.840000e-01,1.520000e-02,
345,9.720000e-01,1.600000e-02,
346,9.840000e-01,1.680000e-02,
347,9.720000e-01,1.680000e-02,
348,9.720000e-01,1.840000e-02,
349,9.600000e-01,1.920000e-02,
350,9.600000e-01,2.000000e-02,
351,9.600000e-01,2.000000e-02,
352,9.600000e-01,2.160000e-02,
353,9.600000e-01,2.160000e-02,
354,9.480000e-01,2.320000e-02,
355,9.360000e-01,2.400000e-02,
356,9.360000e-01,2.400000e-02,
357,9.360000e-01,2.400000e-02,
358,9.360000e-01,2.640000e-02,
359,9.360000e-01,2.640000e-02,
360,9.240000e-01,2.720000e-02,
361,9.240000e-01,2.800000e-02,
362,9.120000e-01,2.880000e-02,
363,9.000000e-01,2.960000e-02,
364,9.000000e-01,3.040000e-02,
365,9.000000e-01,3.040000e-02,
366,8.880000e-01,3.200000e-02,
367,8.880000e-01,3.200000e-02,
368,8.760000e-01,3.360000e-02,
369,8.640000e-01,3.440000e-02,
370,8.640000e-01,3.440000e-02,
371,8.520000e-01,3.440000e-02,
372,8.520000e-01,3.600000e-02,
373,8.400000e-01,3.600000e-02,
374,8.280000e-01,3.760000e-02,
375,8.400000e-01,3.760000e-02,
376,8.160000e-01,3.840000e-02,
377,8.040000e-01,3.840000e-02,
378,8.040000e-01,4.000000e-02,
379,8.040000e-01,4.080000e-02,
380,7.920000e-01,4.080000e-02,
381,7.800000e-01,4.080000e-02,
382,7.680000e-01,4.320000e-02,
383,7.680000e-01,4.240000e-02,
384,7.560000e-01,4.320000e-02,
385,7.560000e-01,4.400000e-02,
386,7.440000e-01,4.480000e-02,
387,7.320000e-01,4.560000e-02,
388,7.200000e-01,4.560000e-02,
389,7.200000e-01,4.560000e-02,
390,7.080000e-01,4.720000e-02,
391,6.960000e-01,4.720000e-02,
392,6.840000e-01,4.800000e-02,
393,6.840000e-01,4.880000e-02,
394,6.720000e-01,4.960000e-02,
395,6.600000e-01,4.880000e-02,
396,6.480000e-01,5.040000e-02,
397,6.600000e-01,5.040000e-02,
398,6.360000e-01,5.120000e-02,
399,6.240000e-01,5.120000e-02,
400,6.120000e-01,5.200000e-02,
401,6.000000e-01,5.280000e-02,
402,5.880000e-01,5.360000e-02,
403,5.760000e-01,5.360000e-02,
404,5.760000e-01,5.360000e-02,
405,5.640000e-01,5.360000e-02,
406,5.520000e-01,5.520000e-02,
407,5.520000e-01,5.520000e-02,
408,5.280000e-01,5.600000e-02,
409,5.160000e-01,5.600000e-02,
410,5.160000e-01,5.680000e-02,
411,5.040000e-01,5.680000e-02,
412,4.920000e-01,5.760000e-02,
413,4.800000e-01,5.680000e-02,
414,4.680000e-01,5.840000e-02,
415,4.560000e-01,5.840000e-02,
416,4.440000e-01,5.920000e-02,
417,4.320000e-01,5.840000e-02,
418,4.200000e-01,6.000000e-02,
419,4.200000e-01,5.920000e-02,
420,3.960000e-01,6.000000e-02,
421,3.840000e-01,6.000000e-02,
422,3.720000e-01,6.080000e-02,
423,3.600000e-01,6.080000e-02,
424,3.480000e-01,6.080000e-02,
425,3.480000e-01,6.080000e-02,
426,3.240000e-01,6.240000e-02,
427,3.240000e-01,6.160000e-02,
428,3.000000e-01,6.240000e-02,
429,3.000000e-01,6.240000e-02,
430,2.760000e-01,6.320000e-02,
431,2.640000e-01,6.320000e-02,
432,2.520000e-01,6.400000e-02,
433,2.400000e-01,6.320000e-02,
434,2.280000e-01,6.400000e-02,
435,2.280000e-01,6.320000e-02,
436,2.040000e-01,6.320000e-02,
437,2.040000e-01,6.320000e-02,
438,1.800000e-01,6.480000e-02,
439,1.680000e-01,6.400000e-02,
440,1.560000e-01,6.480000e-02,
441,1.440000e-01,6.480000e-02,
442,1.320000e-01,6.480000e-02,
443,1.200000e-01,6.560000e-02,
444,1.080000e-01,6.480000e-02,
445,9.600000e-02,6.480000e-02,
446,8.400000e-02,6.560000e-02,
447,7.200000e-02,6.480000e-02,
448,6.000000e-02,6.480000e-02,
449,4.800000e-02,6.560000e-02,
450,3.600000e-02,6.480000e-02,
451,2.400000e-02,6.560000e-02,
452,0.000000e+00,6.320000e-02,
453,0.000000e+00,6.400000e-02,
454,-2.400000e-02,6.560000e-02,
455,-2.400000e-02,6.560000e-02,
456,-4.800000e-02,6.480000e-02,
457,-6.000000e-02,6.400000e-02,
458,-7.200000e-02,6.480000e-02,
459,-8.400000e-02,6.560000e-02,
460,-9.600000e-02,6.480000e-02,
461,-1.080000e-01,6.560000e-02,
462,-1.200000e-01,6.400000e-02,
463,-1.320000e-01,6.480000e-02,
464,-1.440000e-01,6.480000e-02,
465,-1.560000e-01,6.400000e-02,
466,-1.680000e-01,6.400000e-02,
467,-1.800000e-01,6.400000e-02,
468,-1.920000e-01,6.320000e-02,
469,-1.920000e-01,6.400000e-02,
470,-2.160000e-01,6.320000e-02,
471,-2.280000e-01,6.400000e-02,
472,-2.400000e-01,6.320000e-02,
473,-2.520000e-01,6.320000e-02,
474,-2.640000e-01,6.240000e-02,
475,-2.760000e-01,6.240000e-02,
476,-2.880000e-01,6.240000e-02,
477,-3.000000e-01,6.240000e-02,
478,-3.240000e-01,6.160000e-02,
479,-3.240000e-01,6.160000e-02,
480,-3.360000e-01,6.080000e-02,
481,-3.480000e-01,6.160000e-02,
482,-3.600000e-01,6.000000e-02,
483,-3.720000e-01,6.080000e-02,
484,-3.840000e-01,6.000000e-02,
485,-3.960000e-01,5.920000e-02,
486,-4.080000e-01,5.920000e-02,
487,-4.200000e-01,5.920000e-02,
488,-4.320000e-01,5.760000e-02,
489,-4.440000e-01,5.840000e-02,
490,-4.560000e-01,5.680000e-02,
491,-4.680000e-01,5.760000e-02,
492,-4.800000e-01,5.680000e-02,
493,-4.920000e-01,5.680000e-02,
494,-5.040000e-01,5.600000e-02,
495,-5.040000e-01,5.680000e-02,
496,-5.160000e-01,5.520000e-02,
497,-5.280000e-01,5.520000e-02,
498,-5.400000e-01,5.520000e-02,
499,-5.520000e-01,5.440000e-02,
500,-5.640000e-01,5.280000e-02,
501,-5.760000e-01,5.280000e-02,
502,-5.880000e-01,5.280000e-02,
503,-5.880000e-01,5.280000e-02,
504,-6.000000e-01,5.120000e-02,
505,-6.120000e-01,5.120000e-02,
506,-6.240000e-01,5.120000e-02,
507,-6.360000e-01,5.040000e-02,
508,-6.480000e-01,4.880000e-02,
509,-6.360000e-01,4.880000e-02,
510,-6.600000e-01,4.800000e-02,
511,-6.720000e-01,4.880000e-02,
512,-6.720000e-01,4.720000e-02,
513,-6.840000e-01,4.640000e-02,
514,-6.960000e-01,4.640000e-02,
515,-7.080000e-01,4.640000e-02,
516,-7.080000e-01,4.480000e-02,
517,-7.200000e-01,4.480000e-02,
518,-7.320000e-01,4.400000e-02,
519,-7.440000e-01,4.400000e-02,
520,-7.440000e-01,4.240000e-02,
521,-7.560000e-01,4.240000e-02,
522,-7.680000e-01,4.160000e-02,
523,-7.680000e-01,4.080000e-02,
524,-7.800000e-01,4.000000e-02,
525,-7.920000e-01,4.080000e-02,
526,-7.920000e-01,3.840000e-02,
527,-8.040000e-01,3.840000e-02,
528,-8.040000e-01,3.840000e-02,
529,-8.160000e-01,3.760000e-02,
530,-8.160000e-01,3.600000e-02,
531,-8.280000e-01,3.600000e-02,
532,-8.400000e-01,3.440000e-02,
533,-8.280000e-01,3.520000e-02,
534,-8.520000e-01,3.360000e-02,
535,-8.520000e-01,3.360000e-02,
536,-8.640000e-01,3.200000e-02,
537,-8.760000e-01,3.200000e-02,
538,-8.760000e-01,3.040000e-02,
539,-8.880000e-01,3.120000e-02,
540,-8.880000e-01,2.880000e-02,
541,-9.000000e-01,2.880000e-02,
542,-9.000000e-01,2.800000e-02,
543,-9.000000e-01,2.800000e-02,
544,-9.000000e-01,2.640000e-02,
545,-9.120000e-01,2.640000e-02,
546,-9.120000e-01,2.400000e-02,
547,-9.240000e-01,2.480000e-02,
548,-9.240000e-01,2.320000e-02,
549,-9.360000e-01,2.320000e-02,
550,-9.360000e-01,2.160000e-02,
551,-9.360000e-01,2.080000e-02,
552,-9.480000e-01,2.000000e-02,
553,-9.360000e-01,2.000000e-02,
554,-9.480000e-01,1.840000e-02,
555,-9.600000e-01,1.920000e-02,
556,-9.480000e-01,1.680000e-02,
557,-9.600000e-01,1.760000e-02,
558,-9.600000e-01,1.600000e-02,
559,-9.720000e-01,1.600000e-02,
560,-9.600000e-01,1.360000e-02,
561,-9.720000e-01,1.440000e-02,
562,-9.720000e-01,1.200000e-02,
563,-9.720000e-01,1.200000e-02,
564,-9.720000e-01,1.040000e-02,
565,-9.840000e-01,1.120000e-02,
566,-9.840000e-01,9.600000e-03,
567,-9.720000e-01,9.600000e-03,
568,-9.840000e-01,7.200000e-03,
569,-9.720000e-01,7.200000e-03,
570,-9.840000e-01,5.600000e-03,
571,-9.840000e-01,5.600000e-03,
572,-9.840000e-01,4.000000e-03,
573,-9.960000e-01,4.000000e-03,
574,-9.840000e-01,3.200000e-03,
575,-9.960000e-01,2.400000e-03,
576,-9.840000e-01,0.000000e+00,
577,-9.960000e-01,8.000000e-04,
578,-9.840000e-01,0.000000e+00,
579,-9.960000e-01,0.000000e+00,
580,-9.840000e-01,-2.400000e-03,
581,-9.960000e-01,-2.400000e-03,
582,-9.840000e-01,-4.000000e-03,
583,-9.840000e-01,-4.000000e-03,
584,-9.840000e-01,-5.600000e-03,
585,-9.840000e-01,-5.600000e-03,
586,-9.720000e-01,-7.200000e-03,
587,-9.840000e-01,-7.200000e-03,
588,-9.840000e-01,-8.800000e-03,
589,-9.720000e-01,-8.800000e-03,
590,-9.720000e-01,-1.120000e-02,
591,-9.720000e-01,-1.040000e-02,
592,-9.720000e-01,-1.200000e-02,
593,-9.720000e-01,-1.200000e-02,
594,-9.600000e-01,-1.360000e-02,
595,-9.720000e-01,-1.360000e-02,
596,-9.600000e-01,-1.520000e-02,
597,-9.480000e-01,-1.600000e-02,
598,-9.480000e-01,-1.680000e-02,
599,-9.480000e-01,-1.600000e-02,
600,-9.480000e-01,-1.840000e-02,
601,-9.360000e-01,-1.840000e-02,
602,-9.360000e-01,-2.000000e-02,
603,-9.240000e-01,-2.000000e-02,
604,-9.240000e-01,-2.160000e-02,
605,-9.240000e-01,-2.080000e-02,
606,-9.240000e-01,-2.240000e-02,
607,-9.120000e-01,-2.320000e-02,
608,-9.120000e-01,-2.480000e-02,
609,-9.000000e-01,-2.480000e-02,
610,-9.000000e-01,-2.640000e-02,
611,-8.880000e-01,-2.640000e-02,
612,-8.880000e-01,-2.800000e-02,
613,-8.760000e-01,-2.720000e-02,
614,-8.760000e-01,-2.880000e-02,
615,-8.640000e-01,-2.960000e-02,
616,-8.640000e-01,-3.040000e-02,
617,-8.520000e-01,-3.040000e-02,
618,-8.520000e-01,-3.120000e-02,
619,-8.520000e-01,-3.120000e-02,
620,-8.400000e-01,-3.280000e-02,
621,-8.280000e-01,-3.360000e-02,
622,-8.280000e-01,-3.440000e-02,
623,-8.160000e-01,-3.440000e-02,
624,-8.160000e-01,-3.600000e-02,
625,-8.040000e-01,-3.600000e-02,
626,-7.920000e-01,-3.680000e-02,
627,-7.800000e-01,-3.680000e-02,
628,-7.800000e-01,-3.840000e-02,
629,-7.680000e-01,-3.840000e-02,
630,-7.680000e-01,-4.000000e-02,
631,-7.560000e-01,-3.920000e-02,
632,-7.560000e-01,-4.080000e-02,
633,-7.440000e-01,-4.080000e-02,
634,-7.320000e-01,-4.160000e-02,
635,-7.200000e-01,-4.160000e-02,
636,-7.200000e-01,-4.320000e-02,
637,-7.080000e-01,-4.400000e-02,
638,-6.960000e-01,-4.480000e-02,
639,-6.840000e-01,-4.480000e-02,
640,-6.840000e-01,-4.640000e-02,
641,-6.720000e-01,-4.560000e-02,
642,-6.600000e-01,-4.720000e-02,
643,-6.480000e-01,-4.640000e-02,
644,-6.480000e-01,-4.800000e-02,
645,-6.360000e-01,-4.800000e-02,
646,-6.240000e-01,-4.880000e-02,
647,-6.120000e-01,-4.880000e-02,
648,-6.120000e-01,-5.040000e-02,
649,-6.000000e-01,-4.960000e-02,
650,-5.880000e-01,-5.040000e-02,
651,-5.760000e-01,-5.040000e-02,
652,-5.640000e-01,-5.120000e-02,
653,-5.520000e-01,-5.120000e-02,
654,-5.400000e-01,-5.280000e-02,
655,-5.400000e-01,-5.280000e-02,
656,-5.280000e-01,-5.440000e-02,
657,-5.160000e-01,-5.440000e-02,
658,-5.040000e-01,-5.440000e-02,
659,-4.920000e-01,-5.440000e-02,
660,-4.800000e-01,-5.520000e-02,
661,-4.680000e-01,-5.520000e-02,
662,-4.560000e-01,-5.680000e-02,
663,-4.440000e-01,-5.600000e-02,
664,-4.320000e-01,-5.680000e-02,
665,-4.320000e-01,-5.680000e-02,
666,-4.080000e-01,-5.760000e-02,
667,-3.960000e-01,-5.840000e-02,
668,-3.840000e-01,-5.840000e-02,
669,-3.840000e-01,-5.840000e-02,
670,-3.600000e-01,-5.920000e-02,
671,-3.480000e-01,-5.920000e-02,
672,-3.360000e-01,-6.000000e-02,
673,-3.480000e-01,-5.920000e-02,
674,-3.120000e-01,-5.920000e-02,
675,-3.120000e-01,-6.000000e-02,
676,-2.880000e-01,-6.080000e-02,
677,-2.880000e-01,-6.080000e-02,
678,-2.640000e-01,-6.080000e-02,
679,-2.640000e-01,-6.080000e-02,
680,-2.400000e-01,-6.080000e-02,
681,-2.520000e-01,-6.160000e-02,
682,-2.160000e-01,-6.240000e-02,
683,-2.040000e-01,-6.240000e-02,
684,-1.920000e-01,-6.240000e-02,
685,-1.920000e-01,-6.160000e-02,
686,-1.680000e-01,-6.240000e-02,
687,-1.680000e-01,-6.240000e-02,
688,-1.440000e-01,-6.320000e-02,
689,-1.320000e-01,-6.320000e-02,
690,-1.200000e-01,-6.320000e-02,
691,-1.080000e-01,-6.320000e-02,
692,-9.600000e-02,-6.320000e-02,
693,-8.400000e-02,-6.320000e-02,
694,-7.200000e-02,-6.320000e-02,
695,-6.000000e-02,-6.320000e-02,
696,-4.800000e-02,-6.400000e-02,
697,-3.600000e-02,-6.320000e-02,
698,-2.400000e-02,-6.320000e-02,
699,-1.200000e-02,-6.320000e-02,
700,1.200000e-02,-6.400000e-02,
701,0.000000e+00,-6.400000e-02,
702,3.600000e-02,-6.160000e-02,
703,3.600000e-02,-6.240000e-02,
704,6.000000e-02,-6.480000e-02,
705,6.000000e-02,-6.480000e-02,
706,8.400000e-02,-6.320000e-02,
707,9.600000e-02,-6.400000e-02,
708,1.080000e-01,-6.400000e-02,
709,1.200000e-01,-6.320000e-02,
710,1.320000e-01,-6.400000e-02,
711,1.320000e-01,-6.320000e-02,
712,1.560000e-01,-6.320000e-02,
713,1.680000e-01,-6.240000e-02,
714,1.800000e-01,-6.320000e-02,
715,1.920000e-01,-6.240000e-02,
716,2.040000e-01,-6.160000e-02,
717,2.160000e-01,-6.240000e-02,
718,2.280000e-01,-6.240000e-02,
719,2.400000e-01,-6.160000e-02,
720,2.520000e-01,-6.160000e-02,
721,2.640000e-01,-6.240000e-02,
722,2.760000e-01,-6.160000e-02,
723,2.880000e-01,-6.160000e-02,
724,3.000000e-01,-6.080000e-02,
725,3.120000e-01,-6.080000e-02,
726,3.240000e-01,-6.080000e-02,
727,3.360000e-01,-6.000000e-02,
728,3.480000e-01,-6.080000e-02,
729,3.600000e-01,-6.080000e-02,
730,3.720000e-01,-5.920000e-02,
731,3.840000e-01,-5.920000e-02,
732,3.960000e-01,-5.920000e-02,
733,4.080000e-01,-5.920000e-02,
734,4.200000e-01,-5.760000e-02,
735,4.320000e-01,-5.840000e-02,
736,4.440000e-01,-5.760000e-02,
737,4.440000e-01,-5.680000e-02,
738,4.680000e-01,-5.680000e-02,
739,4.680000e-01,-5.680000e-02,
740,4.800000e-01,-5.600000e-02,
741,4.920000e-01,-5.600000e-02,
742,5.040000e-01,-5.600000e-02,
743,5.160000e-01,-5.520000e-02,
744,5.280000e-01,-5.440000e-02,
745,5.400000e-01,-5.440000e-02,
746,5.520000e-01,-5.360000e-02,
747,5.520000e-01,-5.440000e-02,
748,5.640000e-01,-5.280000e-02,
749,5.760000e-01,-5.280000e-02,
750,5.880000e-01,-5.120000e-02,
751,6.000000e-01,-5.120000e-02,
752,6.120000e-01,-5.120000e-02,
753,6.240000e-01,-5.040000e-02,
754,6.360000e-01,-5.040000e-02,
755,6.360000e-01,-5.040000e-02,
756,6.480000e-01,-4.960000e-02,
757,6.600000e-01,-4.960000e-02,
758,6.720000e-01,-4.800000e-02,
759,6.720000e-01,-4.800000e-02,
760,6.840000e-01,-4.640000e-02,
761,6.960000e-01,-4.640000e-02,
762,7.080000e-01,-4.560000e-02,
763,7.080000e-01,-4.560000e-02,
764,7.200000e-01,-4.400000e-02,
765,7.320000e-01,-4.480000e-02,
766,7.440000e-01,-4.320000e-02,
767,7.440000e-01,-4.320000e-02,
768,7.560000e-01,-4.240000e-02,
769,7.680000e-01,-4.240000e-02,
770,7.800000e-01,-4.080000e-02,
771,7.800000e-01,-4.080000e-02,
772,7.920000e-01,-3.920000e-02,
773,7.920000e-01,-4.000000e-02,
774,8.040000e-01,-3.840000e-02,
775,8.160000e-01,-3.760000e-02,
776,8.160000e-01,-3.680000e-02,
777,8.280000e-01,-3.680000e-02,
778,8.400000e-01,-3.600000e-02,
779,8.400000e-01,-3.600000e-02,
780,8.400000e-01,-3.440000e-02,
781,8.520000e-01,-3.440000e-02,
782,8.520000e-01,-3.280000e-02,
783,8.640000e-01,-3.280000e-02,
784,8.640000e-01,-3.200000e-02,
785,8.760000e-01,-3.200000e-02,
786,8.880000e-01,-2.960000e-02,
787,8.880000e-01,-2.960000e-02,
788,9.000000e-01,-2.880000e-02,
789,8.880000e-01,-2.800000e-02,
790,9.000000e-01,-2.720000e-02,
791,9.120000e-01,-2.800000e-02,
792,9.240000e-01,-2.640000e-02,
793,9.120000e-01,-2.560000e-02,
794,9.360000e-01,-2.400000e-02,
795,9.240000e-01,-2.400000e-02,
796,9.480000e-01,-2.320000e-02,
797,9.360000e-01,-2.320000e-02,
798,9.480000e-01,-2.160000e-02,
799,9.480000e-01,-2.160000e-02,
800,9.600000e-01,-2.000000e-02,
801,9.480000e-01,-1.920000e-02,
802,9.720000e-01,-1.840000e-02,
803,9.600000e-01,-1.840000e-02,
804,9.720000e-01,-1.680000e-02,
805,9.720000e-01,-1.680000e-02,
806,9.840000e-01,-1.520000e-02,
807,9.840000e-01,-1.520000e-02,
808,9.840000e-01,-1.360000e-02,
809,9.720000e-01,-1.280000e-02,
810,9.840000e-01,-1.280000e-02,
811,9.960000e-01,-1.200000e-02,
812,9.960000e-01,-1.040000e-02,
813,9.960000e-01,-1.040000e-02,
814,9.840000e-01,-8.800000e-03,
815,9.960000e-01,-8.800000e-03,
816,1.008000e+00,-7.200000e-03,
817,1.008000e+00,-7.200000e-03,
818,1.008000e+00,-5.600000e-03,
819,1.008000e+00,-6.400000e-03,
820,9.960000e-01,-4.000000e-03,
821,1.008000e+00,-3.200000e-03,
822,1.008000e+00,-2.400000e-03,
823,9.960000e-01,-2.400000e-03,
824,9.960000e-01,-1.600000e-03,
825,1.008000e+00,-8.000000e-04,
826,1.008000e+00,8.000000e-04,
827,9.960000e-01,1.600000e-03,
828,1.008000e+00,2.400000e-03,
829,9.960000e-01,2.400000e-03,
830,1.008000e+00,4.800000e-03,
831,9.960000e-01,4.800000e-03,
832,1.008000e+00,5.600000e-03,
833,9.960000e-01,5.600000e-03,
834,1.008000e+00,7.200000e-03,
835,1.008000e+00,7.999999e-03,
836,1.008000e+00,8.800000e-03,
837,9.960000e-01,9.600000e-03,
838,9.960000e-01,1.040000e-02,
839,9.840000e-01,1.120000e-02,
840,9.960000e-01,1.280000e-02,
841,9.960000e-01,1.200000e-02,
842,9.960000e-01,1.360000e-02,
843,9.840000e-01,1.360000e-02,
844,9.840000e-01,1.520000e-02,
845,9.720000e-01,1.600000e-02,
846,9.840000e-01,1.680000e-02,
847,9.720000e-01,1.760000e-02,
848,9.720000e-01,1.840000e-02,
849,9.600000e-01,1.840000e-02,
850,9.600000e-01,2.000000e-02,
851,9.600000e-01,2.000000e-02,
852,9.600000e-01,2.160000e-02,
853,9.600000e-01,2.160000e-02,
854,9.480000e-01,2.320000e-02,
855,9.360000e-01,2.320000e-02,
856,9.360000e-01,2.560000e-02,
857,9.360000e-01,2.480000e-02,
858,9.360000e-01,2.560000e-02,
859,9.240000e-01,2.560000e-02,
860,9.240000e-01,2.720000e-02,
861,9.240000e-01,2.720000e-02,
862,9.120000e-01,2.880000e-02,
863,9.000000e-01,2.960000e-02,
864,9.000000e-01,3.120000e-02,
865,8.880000e-01,3.040000e-02,
866,8.880000e-01,3.200000e-02,
867,8.760000e-01,3.120000e-02,
868,8.760000e-01,3.280000e-02,
869,8.760000e-01,3.360000e-02,
870,8.640000e-01,3.440000e-02,
871,8.520000e-01,3.520000e-02,
872,8.520000e-01,3.600000e-02,
873,8.400000e-01,3.600000e-02,
874,8.280000e-01,3.760000e-02,
875,8.280000e-01,3.760000e-02,
876,8.160000e-01,3.920000e-02,
877,8.040000e-01,3.920000e-02,
878,8.040000e-01,4.000000e-02,
879,8.040000e-01,4.000000e-02,
880,7.920000e-01,4.080000e-02,
881,7.800000e-01,4.080000e-02,
882,7.680000e-01,4.240000e-02,
883,7.560000e-01,4.320000e-02,
884,7.560000e-01,4.400000e-02,
885,7.440000e-01,4.400000e-02,
886,7.440000e-01,4.480000e-02,
887,7.320000e-01,4.480000e-02,
888,7.200000e-01,4.640000e-02,
889,7.080000e-01,4.640000e-02,
890,7.080000e-01,4.800000e-02,
891,6.960000e-01,4.720000e-02,
892,6.840000e-01,4.800000e-02,
893,6.840000e-01,4.880000e-02,
894,6.720000e-01,4.880000e-02,
895,6.600000e-01,4.880000e-02,
896,6.480000e-01,5.040000e-02,
897,6.480000e-01,5.040000e-02,
898,6.360000e-01,5.120000e-02,
899,6.240000e-01,5.120000e-02,
900,6.120000e-01,5.280000e-02,
901,6.120000e-01,5.280000e-02,
902,5.880000e-01,5.360000e-02,
903,5.880000e-01,5.360000e-02,
904,5.760000e-01,5.440000e-02,
905,5.640000e-01,5.440000e-02,
906,5.520000e-01,5.520000e-02,
907,5.400000e-01,5.520000e-02,
908,5.280000e-01,5.600000e-02,
909,5.160000e-01,5.680000e-02,
910,5.040000e-01,5.680000e-02,
911,5.160000e-01,5.680000e-02,
912,4.920000e-01,5.760000e-02,
913,4.800000e-01,5.680000e-02,
914,4.680000e-01,5.840000e-02,
915,4.560000e-01,5.840000e-02,
916,4.440000e-01,6.000000e-02,
917,4.320000e-01,5.920000e-02,
918,4.200000e-01,6.000000e-02,
919,4.080000e-01,5.920000e-02,
920,3.960000e-01,6.000000e-02,
921,3.840000e-01,6.080000e-02,
922,3.720000e-01,6.080000e-02,
923,3.600000e-01,6.080000e-02,
924,3.480000e-01,6.160000e-02,
925,3.360000e-01,6.160000e-02,
926,3.240000e-01,6.160000e-02,
927,3.240000e-01,6.160000e-02,
928,3.000000e-01,6.240000e-02,
929,3.000000e-01,6.240000e-02,
930,2.760000e-01,6.320000e-02,
931,2.640000e-01,6.240000e-02,
932,2.520000e-01,6.400000e-02,
933,2.400000e-01,6.400000e-02,
934,2.280000e-01,6.320000e-02,
935,2.160000e-01,6.400000e-02,
936,2.040000e-01,6.400000e-02,
937,2.040000e-01,6.400000e-02,
938,1.800000e-01,6.480000e-02,
939,1.680000e-01,6.400000e-02,
940,1.560000e-01,6.480000e-02,
941,1.440000e-01,6.480000e-02,
942,1.320000e-01,6.480000e-02,
943,1.200000e-01,6.560000e-02,
944,1.080000e-01,6.480000e-02,
945,9.600000e-02,6.480000e-02,
946,8.400000e-02,6.480000e-02,
947,7.200000e-02,6.480000e-02,
948,6.000000e-02,6.480000e-02,
949,4.800000e-02,6.480000e-02,
950,3.600000e-02,6.480000e-02,
951,2.400000e-02,6.480000e-02,
952,0.000000e+00,6.400000e-02,
953,0.000000e+00,6.400000e-02,
954,-2.400000e-02,6.560000e-02,
955,-2.400000e-02,6.640000e-02,
956,-4.800000e-02,6.480000e-02,
957,-6.000000e-02,6.480000e-02,
958,-7.200000e-02,6.560000e-02,
959,-8.400000e-02,6.560000e-02,
960,-9.600000e-02,6.480000e-02,
961,-1.080000e-01,6.480000e-02,
962,-1.200000e-01,6.400000e-02,
963,-1.320000e-01,6.400000e-02,
964,-1.440000e-01,6.400000e-02,
965,-1.560000e-01,6.400000e-02,
966,-1.680000e-01,6.400000e-02,
967,-1.800000e-01,6.400000e-02,
968,-1.920000e-01,6.400000e-02,
969,-2.040000e-01,6.320000e-02,
970,-2.160000e-01,6.400000e-02,
971,-2.280000e-01,6.320000e-02,
972,-2.400000e-01,6.240000e-02,
973,-2.520000e-01,6.320000e-02,
974,-2.640000e-01,6.240000e-02,
975,-2.760000e-01,6.320000e-02,
976,-2.880000e-01,6.240000e-02,
977,-3.000000e-01,6.240000e-02,
978,-3.120000e-01,6.160000e-02,
979,-3.240000e-01,6.080000e-02,
980,-3.360000e-01,6.080000e-02,
981,-3.480000e-01,6.080000e-02,
982,-3.600000e-01,6.000000e-02,
983,-3.720000e-01,6.080000e-02,
984,-3.840000e-01,5.920000e-02,
985,-3.960000e-01,6.000000e-02,
986,-4.080000e-01,5.920000e-02,
987,-4.200000e-01,5.920000e-02,
988,-4.320000e-01,5.840000e-02,
989,-4.440000e-01,5.840000e-02,
990,-4.560000e-01,5.760000e-02,
991,-4.680000e-01,5.760000e-02,
992,-4.800000e-01,5.680000e-02,
993,-4.920000e-01,5.680000e-02,
994,-5.040000e-01,5.600000e-02,
995,-5.040000e-01,5.520000e-02,
996,-5.160000e-01,5.600000e-02,
997,-5.280000e-01,5.520000e-02,
998,-5.400000e-01,5.440000e-02,
999,-5.520000e-01,5.440000e-02,
1000,-5.640000e-01,5.280000e-02,
1001,-5.640000e-01,5.360000e-02,
1002,-5.880000e-01,5.200000e-02,
1003,-5.880000e-01,5.200000e-02,
1004,-6.120000e-01,5.200000e-02,
1005,-6.000000e-01,5.120000e-02,
1006,-6.240000e-01,5.040000e-02,
1007,-6.360000e-01,5.040000e-02,
1008,-6.360000e-01,4.960000e-02,
1009,-6.480000e-01,4.960000e-02,
1010,-6.600000e-01,4.800000e-02,
1011,-6.720000e-01,4.880000e-02,
1012,-6.720000e-01,4.720000e-02,
1013,-6.840000e-01,4.640000e-02,
1014,-6.960000e-01,4.640000e-02,
1015,-7.080000e-01,4.640000e-02,
1016,-7.200000e-01,4.480000e-02,
1017,-7.080000e-01,4.480000e-02,
1018,-7.320000e-01,4.320000e-02,
1019,-7.440000e-01,4.400000e-02,
1020,-7.440000e-01,4.240000e-02,
1021,-7.560000e-01,4.240000e-02,
1022,-7.680000e-01,4.160000e-02,
1023,-7.680000e-01,4.080000e-02,
1024,-7.800000e-01,4.000000e-02,
1025,-7.920000e-01,4.000000e-02,
1026,-7.920000e-01,3.920000e-02,
1027,-8.040000e-01,3.920000e-02,
1028,-8.040000e-01,3.760000e-02,
1029,-8.160000e-01,3.760000e-02,
1030,-8.160000e-01,3.600000e-02,
1031,-8.280000e-01,3.600000e-02,
1032,-8.280000e-01,3.440000e-02,
1033,-8.400000e-01,3.440000e-02,
1034,-8.520000e-01,3.360000e-02,
1035,-8.520000e-01,3.360000e-02,
1036,-8.640000e-01,3.120000e-02,
1037,-8.760000e-01,3.200000e-02,
1038,-8.760000e-01,3.120000e-02,
1039,-8.880000e-01,3.120000e-02,
1040,-8.880000e-01,2.960000e-02,
1041,-9.000000e-01,2.880000e-02,
1042,-8.880000e-01,2.720000e-02,
1043,-9.000000e-01,2.800000e-02,
1044,-9.000000e-01,2.720000e-02,
1045,-9.120000e-01,2.640000e-02,
1046,-9.120000e-01,2.480000e-02,
1047,-9.240000e-01,2.480000e-02,
1048,-9.240000e-01,2.320000e-02,
1049,-9.360000e-01,2.240000e-02,
1050,-9.240000e-01,2.240000e-02,
1051,-9.360000e-01,2.160000e-02,
1052,-9.360000e-01,2.000000e-02,
1053,-9.480000e-01,1.920000e-02,
1054,-9.480000e-01,1.920000e-02,
1055,-9.600000e-01,1.840000e-02,
1056,-9.600000e-01,1.680000e-02,
1057,-9.480000e-01,1.760000e-02,
1058,-9.600000e-01,1.600000e-02,
1059,-9.720000e-01,1.600000e-02,
1060,-9.600000e-01,1.360000e-02,
1061,-9.720000e-01,1.440000e-02,
1062,-9.720000e-01,1.200000e-02,
1063,-9.840000e-01,1.120000e-02,
1064,-9.720000e-01,1.040000e-02,
1065,-9.840000e-01,1.120000e-02,
1066,-9.720000e-01,8.800000e-03,
1067,-9.840000e-01,8.800000e-03,
1068,-9.840000e-01,7.200000e-03,
1069,-9.840000e-01,7.200000e-03,
1070,-9.840000e-01,6.400000e-03,
1071,-9.960000e-01,5.600000e-03,
1072,-9.840000e-01,4.800000e-03,
1073,-9.960000e-01,4.800000e-03,
1074,-9.840000e-01,1.600000e-03,
1075,-9.960000e-01,2.400000e-03,
1076,-9.840000e-01,1.600000e-03,
1077,-9.960000e-01,8.000000e-04,
1078,-9.840000e-01,0.000000e+00,
1079,-9.840000e-01,-8.000000e-04,
1080,-9.840000e-01,-2.400000e-03,
1081,-9.960000e-01,-2.400000e-03,
1082,-9.840000e-01,-4.000000e-03,
1083,-9.960000e-01,-4.000000e-03,
1084,-9.840000e-01,-5.600000e-03,
1085,-9.840000e-01,-5.600000e-03,
1086,-9.840000e-01,-7.200000e-03,
1087,-9.720000e-01,-7.200000e-03,
1088,-9.720000e-01,-8.800000e-03,
1089,-9.840000e-01,-8.800000e-03,
1090,-9.720000e-01,-1.040000e-02,
1091,-9.720000e-01,-1.040000e-02,
1092,-9.600000e-01,-1.200000e-02,
1093,-9.720000e-01,-1.280000e-02,
1094,-9.600000e-01,-1.360000e-02,
1095,-9.720000e-01,-1.360000e-02,
1096,-9.600000e-01,-1.440000e-02,
1097,-9.480000e-01,-1.520000e-02,
1098,-9.480000e-01,-1.680000e-02,
1099,-9.480000e-01,-1.680000e-02,
1100,-9.480000e-01,-1.840000e-02,
1101,-9.360000e-01,-1.920000e-02,
1102,-9.360000e-01,-2.000000e-02,
1103,-9.240000e-01,-2.000000e-02,
1104,-9.360000e-01,-2.160000e-02,
1105,-9.240000e-01,-2.160000e-02,
1106,-9.240000e-01,-2.240000e-02,
1107,-9.120000e-01,-2.240000e-02,
1108,-9.120000e-01,-2.480000e-02,
1109,-9.000000e-01,-2.480000e-02,
1110,-9.000000e-01,-2.640000e-02,
1111,-8.880000e-01,-2.560000e-02,
1112,-8.880000e-01,-2.720000e-02,
1113,-8.760000e-01,-2.720000e-02,
1114,-8.760000e-01,-2.880000e-02,
1115,-8.640000e-01,-2.880000e-02,
1116,-8.640000e-01,-3.040000e-02,
1117,-8.640000e-01,-3.040000e-02,
1118,-8.520000e-01,-3.120000e-02,
1119,-8.520000e-01,-3.120000e-02,
1120,-8.400000e-01,-3.280000e-02,
1121,-8.280000e-01,-3.360000e-02,
1122,-8.280000e-01,-3.440000e-02,
1123,-8.160000e-01,-3.440000e-02,
1124,-8.040000e-01,-3.600000e-02,
1125,-8.040000e-01,-3.600000e-02,
1126,-7.920000e-01,-3.680000e-02,
1127,-7.800000e-01,-3.680000e-02,
1128,-7.800000e-01,-3.840000e-02,
1129,-7.680000e-01,-3.920000e-02,
1130,-7.680000e-01,-3.920000e-02,
1131,-7.560000e-01,-3.920000e-02,
1132,-7.440000e-01,-4.080000e-02,
1133,-7.560000e-01,-4.160000e-02,
1134,-7.320000e-01,-4.240000e-02,
1135,-7.200000e-01,-4.240000e-02,
1136,-7.200000e-01,-4.320000e-02,
1137,-7.080000e-01,-4.320000e-02,
1138,-6.960000e-01,-4.480000e-02,
1139,-6.840000e-01,-4.480000e-02,
1140,-6.840000e-01,-4.640000e-02,
1141,-6.720000e-01,-4.640000e-02,
1142,-6.600000e-01,-4.640000e-02,
1143,-6.480000e-01,-4.720000e-02,
1144,-6.480000e-01,-4.800000e-02,
1145,-6.360000e-01,-4.720000e-02,
1146,-6.240000e-01,-4.880000e-02,
1147,-6.120000e-01,-4.880000e-02,
1148,-6.120000e-01,-4.960000e-02,
1149,-6.000000e-01,-5.040000e-02,
1150,-5.880000e-01,-5.040000e-02,
1151,-5.760000e-01,-5.120000e-02,
1152,-5.640000e-01,-5.120000e-02,
1153,-5.520000e-01,-5.120000e-02,
1154,-5.400000e-01,-5.200000e-02,
1155,-5.280000e-01,-5.280000e-02,
1156,-5.280000e-01,-5.360000e-02,
1157,-5.160000e-01,-5.440000e-02,
1158,-5.040000e-01,-5.440000e-02,
1159,-4.920000e-01,-5.520000e-02,
1160,-4.800000e-01,-5.520000e-02,
1161,-4.680000e-01,-5.520000e-02,
1162,-4.560000e-01,-5.600000e-02,
1163,-4.440000e-01,-5.600000e-02,
1164,-4.320000e-01,-5.760000e-02,
1165,-4.320000e-01,-5.760000e-02,
1166,-4.080000e-01,-5.760000e-02,
1167,-3.960000e-01,-5.840000e-02,
1168,-3.840000e-01,-5.840000e-02,
1169,-3.840000e-01,-5.840000e-02,
1170,-3.600000e-01,-5.840000e-02,
1171,-3.600000e-01,-5.840000e-02,
1172,-3.360000e-01,-5.920000e-02,
1173,-3.480000e-01,-5.920000e-02,
1174,-3.120000e-01,-6.000000e-02,
1175,-3.120000e-01,-6.000000e-02,
1176,-2.880000e-01,-6.080000e-02,
1177,-3.000000e-01,-6.080000e-02,
1178,-2.640000e-01,-6.160000e-02,
1179,-2.640000e-01,-6.160000e-02,
1180,-2.400000e-01,-6.160000e-02,
1181,-2.400000e-01,-6.160000e-02,
1182,-2.160000e-01,-6.160000e-02,
1183,-2.040000e-01,-6.160000e-02,
1184,-1.920000e-01,-6.240000e-02,
1185,-1.920000e-01,-6.160000e-02,
1186,-1.680000e-01,-6.240000e-02,
1187,-1.560000e-01,-6.240000e-02,
1188,-1.440000e-01,-6.240000e-02,
1189,-1.320000e-01,-6.320000e-02,
1190,-1.200000e-01,-6.320000e-02,
1191,-1.080000e-01,-6.320000e-02,
1192,-9.600000e-02,-6.320000e-02,
1193,-8.400000e-02,-6.320000e-02,
1194,-7.200000e-02,-6.400000e-02,
1195,-6.000000e-02,-6.320000e-02,
1196,-4.800000e-02,-6.320000e-02,
1197,-3.600000e-02,-6.400000e-02,
1198,-2.400000e-02,-6.400000e-02,
1199,-1.200000e-02,-6.320000e-02,
1200,0.000000e+00,-6.400000e-02,
1201,1.200000e-02,-6.400000e-02,
1202,3.600000e-02,-6.240000e-02,
1203,4.800000e-02,-6.160000e-02,
1204,6.000000e-02,-6.480000e-02,
1205,7.200000e-02,-6.400000e-02,
1206,8.400000e-02,-6.320000e-02,
1207,8.400000e-02,-6.320000e-02,
1208,1.080000e-01,-6.320000e-02,
1209,1.080000e-01,-6.320000e-02,
1210,1.320000e-01,-6.320000e-02,
1211,1.440000e-01,-6.400000e-02,
1212,1.560000e-01,-6.320000e-02,
1213,1.680000e-01,-6.320000e-02,
1214,1.800000e-01,-6.320000e-02,
1215,1.920000e-01,-6.320000e-02,
1216,2.040000e-01,-6.320000e-02,
1217,2.160000e-01,-6.240000e-02,
1218,2.280000e-01,-6.160000e-02,
1219,2.400000e-01,-6.160000e-02,
1220,2.520000e-01,-6.160000e-02,
1221,2.640000e-01,-6.240000e-02,
1222,2.760000e-01,-6.080000e-02,
1223,2.880000e-01,-6.160000e-02,
1224,3.000000e-01,-6.000000e-02,
1225,3.120000e-01,-6.080000e-02,
1226,3.240000e-01,-6.080000e-02,
1227,3.360000e-01,-6.080000e-02,
1228,3.480000e-01,-6.000000e-02,
1229,3.600000e-01,-5.920000e-02,
1230,3.720000e-01,-5.920000e-02,
1231,3.840000e-01,-5.920000e-02,
1232,3.960000e-01,-5.920000e-02,
1233,4.080000e-01,-5.920000e-02,
1234,4.200000e-01,-5.840000e-02,
1235,4.320000e-01,-5.840000e-02,
1236,4.440000e-01,-5.760000e-02,
1237,4.440000e-01,-5.760000e-02,
1238,4.680000e-01,-5.680000e-02,
1239,4.680000e-01,-5.680000e-02,
1240,4.920000e-01,-5.600000e-02,
1241,4.800000e-01,-5.600000e-02,
1242,5.040000e-01,-5.520000e-02,
1243,5.160000e-01,-5.520000e-02,
1244,5.280000e-01,-5.440000e-02,
1245,5.400000e-01,-5.440000e-02,
1246,5.520000e-01,-5.440000e-02,
1247,5.640000e-01,-5.360000e-02,
1248,5.760000e-01,-5.280000e-02,
1249,5.760000e-01,-5.280000e-02,
1250,5.880000e-01,-5.200000e-02,
1251,6.000000e-01,-5.200000e-02,
1252,6.120000e-01,-5.120000e-02,
1253,6.120000e-01,-5.120000e-02,
1254,6.360000e-01,-4.960000e-02,
1255,6.360000e-01,-5.040000e-02,
1256,6.480000e-01,-4.960000e-02,
1257,6.600000e-01,-4.880000e-02,
1258,6.720000e-01,-4.720000e-02,
1259,6.720000e-01,-4.720000e-02,
1260,6.840000e-01,-4.640000e-02,
1261,6.960000e-01,-4.720000e-02,
1262,7.080000e-01,-4.560000e-02,
1263,7.080000e-01,-4.560000e-02,
1264,7.200000e-01,-4.480000e-02,
1265,7.320000e-01,-4.400000e-02,
1266,7.440000e-01,-4.320000e-02,
1267,7.440000e-01,-4.320000e-02,
1268,7.560000e-01,-4.240000e-02,
1269,7.680000e-01,-4.240000e-02,
1270,7.800000e-01,-4.080000e-02,
1271,7.800000e-01,-4.160000e-02,
1272,7.920000e-01,-3.920000e-02,
1273,7.920000e-01,-4.000000e-02,
1274,8.040000e-01,-3.840000e-02,
1275,8.040000e-01,-3.840000e-02,
1276,8.160000e-01,-3.680000e-02,
1277,8.280000e-01,-3.760000e-02,
1278,8.280000e-01,-3.600000e-02,
1279,8.400000e-01,-3.600000e-02,
1280,8.520000e-01,-3.520000e-02,
1281,8.520000e-01,-3.440000e-02,
1282,8.640000e-01,-3.360000e-02,
1283,8.520000e-01,-3.280000e-02,
1284,8.760000e-01,-3.120000e-02,
1285,8.640000e-01,-3.120000e-02,
1286,8.880000e-01,-3.040000e-02,
1287,8.760000e-01,-2.960000e-02,
1288,9.000000e-01,-2.880000e-02,
1289,8.880000e-01,-2.880000e-02,
1290,9.120000e-01,-2.720000e-02,
1291,9.000000e-01,-2.720000e-02,
1292,9.240000e-01,-2.640000e-02,
1293,9.120000e-01,-2.640000e-02,
1294,9.360000e-01,-2.480000e-02,
1295,9.360000e-01,-2.400000e-02,
1296,9.360000e-01,-2.320000e-02,
1297,9.480000e-01,-2.320000e-02,
1298,9.480000e-01,-2.160000e-02,
1299,9.360000e-01,-2.160000e-02,
1300,9.480000e-01,-1.920000e-02,
1301,9.600000e-01,-2.000000e-02,
1302,9.720000e-01,-1.840000e-02,
1303,9.720000e-01,-1.840000e-02,
1304,9.720000e-01,-1.680000e-02,
1305,9.600000e-01,-1.680000e-02,
1306,9.840000e-01,-1.600000e-02,
1307,9.720000e-01,-1.520000e-02,
1308,9.720000e-01,-1.360000e-02,
1309,9.840000e-01,-1.360000e-02,
1310,9.960000e-01,-1.280000e-02,
1311,9.840000e-01,-1.200000e-02,
1312,9.960000e-01,-1.040000e-02,
1313,9.960000e-01,-1.040000e-02,
1314,9.960000e-01,-8.800000e-03,
1315,9.960000e-01,-8.800000e-03,
1316,1.008000e+00,-7.200000e-03,
1317,1.008000e+00,-7.999999e-03,
1318,1.008000e+00,-5.600000e-03,
1319,1.008000e+00,-6.400000e-03,
1320,9.960000e-01,-4.800000e-03,
1321,1.008000e+00,-4.000000e-03,
1322,1.008000e+00,-2.400000e-03,
1323,9.960000e-01,-2.400000e-03,
1324,1.008000e+00,-8.000000e-04,
1325,9.960000e-01,-8.000000e-04,
1326,1.008000e+00,1.600000e-03,
1327,9.960000e-01,8.000000e-04,
1328,1.008000e+00,2.400000e-03,
1329,9.960000e-01,2.400000e-03,
1330,1.008000e+00,4.000000e-03,
1331,9.960000e-01,4.000000e-03,
1332,1.008000e+00,5.600000e-03,
1333,9.960000e-01,5.600000e-03,
1334,1.008000e+00,7.200000e-03,
1335,1.008000e+00,7.200000e-03,
1336,1.008000e+00,8.800000e-03,
1337,9.960000e-01,9.600000e-03,
1338,9.960000e-01,1.040000e-02,
1339,9.840000e-01,1.040000e-02,
1340,9.960000e-01,1.280000e-02,
1341,9.960000e-01,1.200000e-02,
1342,9.960000e-01,1.360000e-02,
1343,9.840000e-01,1.440000e-02,
1344,9.840000e-01,1.600000e-02,
1345,9.720000e-01,1.520000e-02,
1346,9.840000e-01,1.680000e-02,
1347,9.720000e-01,1.680000e-02,
1348,9.720000e-01,1.840000e-02,
1349,9.720000e-01,1.840000e-02,
1350,9.600000e-01,2.000000e-02,
1351,9.600000e-01,2.000000e-02,
1352,9.600000e-01,2.240000e-02,
1353,9.600000e-01,2.160000e-02,
1354,9.480000e-01,2.240000e-02,
1355,9.360000e-01,2.240000e-02,
1356,9.360000e-01,2.400000e-02,
1357,9.240000e-01,2.480000e-02,
1358,9.360000e-01,2.560000e-02,
1359,9.240000e-01,2.640000e-02,
1360,9.240000e-01,2.720000e-02,
1361,9.240000e-01,2.800000e-02,
1362,9.120000e-01,2.880000e-02,
1363,9.120000e-01,2.960000e-02,
1364,9.000000e-01,3.040000e-02,
1365,8.880000e-01,3.120000e-02,
1366,8.880000e-01,3.120000e-02,
1367,8.760000e-01,3.120000e-02,
1368,8.760000e-01,3.280000e-02,
1369,8.640000e-01,3.360000e-02,
1370,8.640000e-01,3.520000e-02,
1371,8.640000e-01,3.520000e-02,
1372,8.520000e-01,3.600000e-02,
1373,8.400000e-01,3.680000e-02,
1374,8.280000e-01,3.760000e-02,
1375,8.400000e-01,3.760000e-02,
1376,8.160000e-01,3.840000e-02,
1377,8.160000e-01,3.840000e-02,
1378,8.040000e-01,4.080000e-02,
1379,7.920000e-01,4.000000e-02,
1380,7.920000e-01,4.080000e-02,
1381,7.800000e-01,4.160000e-02,
1382,7.680000e-01,4.240000e-02,
1383,7.680000e-01,4.240000e-02,
1384,7.560000e-01,4.400000e-02,
1385,7.560000e-01,4.320000e-02,
1386,7.440000e-01,4.480000e-02,
1387,7.320000e-01,4.560000e-02,
1388,7.200000e-01,4.640000e-02,
1389,7.200000e-01,4.640000e-02,
1390,7.080000e-01,4.720000e-02,
1391,6.960000e-01,4.720000e-02,
1392,6.840000e-01,4.800000e-02,
1393,6.840000e-01,4.800000e-02,
1394,6.720000e-01,4.880000e-02,
1395,6.600000e-01,4.880000e-02,
1396,6.600000e-01,5.120000e-02,
1397,6.480000e-01,5.120000e-02,
1398,6.360000e-01,5.120000e-02,
1399,6.240000e-01,5.120000e-02,
