x-axis,1
second,Volt
-8.9000E-03,-870.4067E-03
-8.8900E-03,-878.3338E-03
-8.8800E-03,-883.9934E-03
-8.8700E-03,-892.3414E-03
-8.8600E-03,-897.2252E-03
-8.8500E-03,-905.2999E-03
-8.8400E-03,-911.5625E-03
-8.8300E-03,-916.6661E-03
-8.8200E-03,-924.9387E-03
-8.8100E-03,-929.6718E-03
-8.8000E-03,-937.1624E-03
-8.7900E-03,-942.1215E-03
-8.7800E-03,-949.2886E-03
-8.7700E-03,-955.0392E-03
-8.7600E-03,-960.4413E-03
-8.7500E-03,-967.4544E-03
-8.7400E-03,-971.7886E-03
-8.7300E-03,-978.5129E-03
-8.7200E-03,-983.5757E-03
-8.7100E-03,-989.8822E-03
-8.7000E-03,-994.4959E-03
-8.6900E-03,-1.0003439E+00
-8.6800E-03,-1.0047943E+00
-8.6700E-03,-1.0108747E+00
-8.6600E-03,-1.0158276E+00
-8.6500E-03,-1.0205952E+00
-8.6400E-03,-1.0252779E+00
-8.6300E-03,-1.0298602E+00
-8.6200E-03,-1.0349890E+00
-8.6100E-03,-1.0389180E+00
-8.6000E-03,-1.0442289E+00
-8.5900E-03,-1.0474262E+00
-8.5800E-03,-1.0522660E+00
-8.5700E-03,-1.0554915E+00
-8.5600E-03,-1.0610663E+00
-8.5500E-03,-1.0633244E+00
-8.5400E-03,-1.0686134E+00
-8.5300E-03,-1.0709281E+00
-8.5200E-03,-1.0763301E+00
-8.5100E-03,-1.0790154E+00
-8.5000E-03,-1.0835034E+00
-8.4900E-03,-1.0863050E+00
-8.4800E-03,-1.0891630E+00
-8.4700E-03,-1.0928125E+00
-8.4600E-03,-1.0971215E+00
-8.4500E-03,-1.0982334E+00
-8.4400E-03,-1.1037453E+00
-8.4300E-03,-1.1045242E+00
-8.4200E-03,-1.1086887E+00
-8.4100E-03,-1.1112139E+00
-8.4000E-03,-1.1134657E+00
-8.3900E-03,-1.1158747E+00
-8.3800E-03,-1.1172377E+00
-8.3700E-03,-1.1206831E+00
-8.3600E-03,-1.1220147E+00
-8.3500E-03,-1.1243012E+00
-8.3400E-03,-1.1263772E+00
-8.3300E-03,-1.1287798E+00
-8.3200E-03,-1.1291536E+00
-8.3100E-03,-1.1333684E+00
-8.3000E-03,-1.1321529E+00
-8.2900E-03,-1.1356674E+00
-8.2800E-03,-1.1357553E+00
-8.2700E-03,-1.1384186E+00
-8.2600E-03,-1.1390123E+00
-8.2500E-03,-1.1394865E+00
-8.2400E-03,-1.1420839E+00
-8.2300E-03,-1.1415153E+00
-8.2200E-03,-1.1434344E+00
-8.2100E-03,-1.1428156E+00
-8.2000E-03,-1.1441661E+00
-8.1900E-03,-1.1435882E+00
-8.1800E-03,-1.1445210E+00
-8.1700E-03,-1.1454538E+00
-8.1600E-03,-1.1455888E+00
-8.1500E-03,-1.1455010E+00
-8.1400E-03,-1.1464933E+00
-8.1300E-03,-1.1448383E+00
-8.1200E-03,-1.1451429E+00
-8.1100E-03,-1.1451398E+00
-8.1000E-03,-1.1441818E+00
-8.0900E-03,-1.1438521E+00
-8.0800E-03,-1.1425141E+00
-8.0700E-03,-1.1437829E+00
-8.0600E-03,-1.1406736E+00
-8.0500E-03,-1.1413395E+00
-8.0400E-03,-1.1397723E+00
-8.0300E-03,-1.1385568E+00
-8.0200E-03,-1.1378470E+00
-8.0100E-03,-1.1350581E+00
-8.0000E-03,-1.1368168E+00
-7.9900E-03,-1.1318922E+00
-7.9800E-03,-1.1334344E+00
-7.9700E-03,-1.1304098E+00
-7.9600E-03,-1.1291598E+00
-7.9500E-03,-1.1263741E+00
-7.9400E-03,-1.1255606E+00
-7.9300E-03,-1.1217195E+00
-7.9200E-03,-1.1198162E+00
-7.9100E-03,-1.1183967E+00
-7.9000E-03,-1.1167948E+00
-7.8900E-03,-1.1134532E+00
-7.8800E-03,-1.1112641E+00
-7.8700E-03,-1.1089714E+00
-7.8600E-03,-1.1053595E+00
-7.8500E-03,-1.1041850E+00
-7.8400E-03,-1.0996592E+00
-7.8300E-03,-1.0977339E+00
-7.8200E-03,-1.0923728E+00
-7.8100E-03,-1.0918201E+00
-7.8000E-03,-1.0867697E+00
-7.7900E-03,-1.0837955E+00
-7.7800E-03,-1.0800613E+00
-7.7700E-03,-1.0771057E+00
-7.7600E-03,-1.0720179E+00
-7.7500E-03,-1.0710976E+00
-7.7400E-03,-1.0645022E+00
-7.7300E-03,-1.0623759E+00
-7.7200E-03,-1.0576021E+00
-7.7100E-03,-1.0535002E+00
-7.7000E-03,-1.0493012E+00
-7.6900E-03,-1.0452936E+00
-7.6800E-03,-1.0405763E+00
-7.6700E-03,-1.0371655E+00
-7.6600E-03,-1.0318609E+00
-7.6500E-03,-1.0283369E+00
-7.6400E-03,-1.0226272E+00
-7.6300E-03,-1.0184029E+00
-7.6200E-03,-1.0130323E+00
-7.6100E-03,-1.0086290E+00
-7.6000E-03,-1.0033370E+00
-7.5900E-03,-999.3294E-03
-7.5800E-03,-992.8156E-03
-7.5700E-03,-989.4236E-03
-7.5600E-03,-982.6209E-03
-7.5500E-03,-978.3527E-03
-7.5400E-03,-971.3175E-03
-7.5300E-03,-967.2817E-03
-7.5200E-03,-960.5574E-03
-7.5100E-03,-955.5166E-03
-7.5000E-03,-949.4739E-03
-7.4900E-03,-943.7484E-03
-7.4800E-03,-937.4701E-03
-7.4700E-03,-931.9048E-03
-7.4600E-03,-926.6943E-03
-7.4500E-03,-918.2711E-03
-7.4400E-03,-915.3438E-03
-7.4300E-03,-905.4254E-03
-7.4200E-03,-901.7510E-03
-7.4100E-03,-894.5084E-03
-7.4000E-03,-888.2145E-03
-7.3900E-03,-881.4745E-03
-7.3800E-03,-873.8301E-03
-7.3700E-03,-869.5242E-03
-7.3600E-03,-859.8601E-03
-7.3500E-03,-854.7346E-03
-7.3400E-03,-847.6240E-03
-7.3300E-03,-839.8539E-03
-7.3200E-03,-833.7420E-03
-7.3100E-03,-825.0769E-03
-7.3000E-03,-820.4853E-03
-7.2900E-03,-811.2765E-03
-7.2800E-03,-803.6448E-03
-7.2700E-03,-797.8972E-03
-7.2600E-03,-789.5712E-03
-7.2500E-03,-782.4670E-03
-7.2400E-03,-774.7942E-03
-7.2300E-03,-766.8546E-03
-7.2200E-03,-760.8401E-03
-7.2100E-03,-752.3947E-03
-7.2000E-03,-743.5851E-03
-7.1900E-03,-737.2471E-03
-7.1800E-03,-727.9569E-03
-7.1700E-03,-720.4318E-03
-7.1600E-03,-712.7370E-03
-7.1500E-03,-703.4940E-03
-7.1400E-03,-696.4526E-03
-7.1300E-03,-688.9556E-03
-7.1200E-03,-677.9411E-03
-7.1100E-03,-670.5072E-03
-7.1000E-03,-663.2144E-03
-7.0900E-03,-654.1316E-03
-7.0800E-03,-646.2987E-03
-7.0700E-03,-639.0843E-03
-7.0600E-03,-627.0146E-03
-7.0500E-03,-619.7943E-03
-7.0400E-03,-611.9519E-03
-7.0300E-03,-602.5517E-03
-7.0200E-03,-593.4217E-03
-7.0100E-03,-585.5951E-03
-7.0000E-03,-576.1227E-03
-6.9900E-03,-565.6139E-03
-6.9800E-03,-558.4909E-03
-6.9700E-03,-550.2465E-03
-6.9600E-03,-540.3375E-03
-6.9500E-03,-529.9387E-03
-6.9400E-03,-522.2440E-03
-6.9300E-03,-513.1987E-03
-6.9200E-03,-503.1735E-03
-6.9100E-03,-493.6856E-03
-6.9000E-03,-485.7961E-03
-6.8900E-03,-477.5548E-03
-6.8800E-03,-466.4116E-03
-6.8700E-03,-456.6503E-03
-6.8600E-03,-448.3212E-03
-6.8500E-03,-438.4814E-03
-6.8400E-03,-428.1453E-03
-6.8300E-03,-418.5474E-03
-6.8200E-03,-409.1661E-03
-6.8100E-03,-400.9250E-03
-6.8000E-03,-391.2609E-03
-6.7900E-03,-381.1510E-03
-6.7800E-03,-371.3991E-03
-6.7700E-03,-361.8231E-03
-6.7600E-03,-352.4198E-03
-6.7500E-03,-342.4543E-03
-6.7400E-03,-332.8595E-03
-6.7300E-03,-322.9568E-03
-6.7200E-03,-312.3915E-03
-6.7100E-03,-301.9549E-03
-6.7000E-03,-290.9468E-03
-6.6900E-03,-281.0756E-03
-6.6800E-03,-271.3959E-03
-6.6700E-03,-260.4255E-03
-6.6600E-03,-250.6516E-03
-6.6500E-03,-240.5229E-03
-6.6400E-03,-229.9858E-03
-6.6300E-03,-219.7252E-03
-6.6200E-03,-209.3576E-03
-6.6100E-03,-199.0122E-03
-6.6000E-03,-189.0468E-03
-6.5900E-03,-178.7672E-03
-6.5800E-03,-167.8030E-03
-6.5700E-03,-157.7496E-03
-6.5600E-03,-147.4764E-03
-6.5500E-03,-136.7226E-03
-6.5400E-03,-125.8495E-03
-6.5300E-03,-115.0769E-03
-6.5200E-03,-104.1033E-03
-6.5100E-03,-93.8928E-03
-6.5000E-03,-83.6604E-03
-6.4900E-03,-73.1108E-03
-6.4800E-03,-62.3696E-03
-6.4700E-03,-52.1403E-03
-6.4600E-03,-41.2735E-03
-6.4500E-03,-30.7238E-03
-6.4400E-03,-20.4412E-03
-6.4300E-03,-9.8225E-03
-6.4200E-03,+1.1700E-03
-6.4100E-03,+12.0494E-03
-6.4000E-03,+22.7310E-03
-6.3900E-03,+33.0891E-03
-6.3800E-03,+44.1443E-03
-6.3700E-03,+53.8428E-03
-6.3600E-03,+64.4427E-03
-6.3500E-03,+74.8823E-03
-6.3400E-03,+86.0758E-03
-6.3300E-03,+97.0337E-03
-6.3200E-03,+108.1329E-03
-6.3100E-03,+119.3861E-03
-6.3000E-03,+130.1274E-03
-6.2900E-03,+140.1588E-03
-6.2800E-03,+149.4427E-03
-6.2700E-03,+159.6688E-03
-6.2600E-03,+169.5369E-03
-6.2500E-03,+180.5513E-03
-6.2400E-03,+192.6870E-03
-6.2300E-03,+203.6826E-03
-6.2200E-03,+213.3403E-03
-6.2100E-03,+222.9980E-03
-6.2000E-03,+233.2209E-03
-6.1900E-03,+243.7014E-03
-6.1800E-03,+254.8289E-03
-6.1700E-03,+265.6989E-03
-6.1600E-03,+275.7492E-03
-6.1500E-03,+285.4980E-03
-6.1400E-03,+294.6248E-03
-6.1300E-03,+305.9313E-03
-6.1200E-03,+317.0337E-03
-6.1100E-03,+327.5708E-03
-6.1000E-03,+336.5972E-03
-6.0900E-03,+345.9219E-03
-6.0800E-03,+356.2328E-03
-6.0700E-03,+368.2805E-03
-6.0600E-03,+378.5790E-03
-6.0500E-03,+387.0526E-03
-6.0400E-03,+395.8779E-03
-6.0300E-03,+405.5450E-03
-6.0200E-03,+416.8923E-03
-6.0100E-03,+426.3867E-03
-6.0000E-03,+434.7128E-03
-5.9900E-03,+444.0406E-03
-5.9800E-03,+454.4709E-03
-5.9700E-03,+464.5149E-03
-5.9600E-03,+473.0105E-03
-5.9500E-03,+481.0068E-03
-5.9400E-03,+490.6392E-03
-5.9300E-03,+500.4539E-03
-5.9200E-03,+508.9653E-03
-5.9100E-03,+517.5771E-03
-5.9000E-03,+526.6568E-03
-5.8900E-03,+536.4338E-03
-5.8800E-03,+544.7128E-03
-5.8700E-03,+553.0324E-03
-5.8600E-03,+561.8170E-03
-5.8500E-03,+570.4696E-03
-5.8400E-03,+578.2837E-03
-5.8300E-03,+586.2453E-03
-5.8200E-03,+595.8873E-03
-5.8100E-03,+605.1996E-03
-5.8000E-03,+611.3930E-03
-5.7900E-03,+619.4081E-03
-5.7800E-03,+628.7893E-03
-5.7700E-03,+636.5407E-03
-5.7600E-03,+642.2128E-03
-5.7500E-03,+651.2642E-03
-5.7400E-03,+660.3817E-03
-5.7300E-03,+667.7216E-03
-5.7200E-03,+674.0343E-03
-5.7100E-03,+681.8107E-03
-5.7000E-03,+690.3189E-03
-5.6900E-03,+695.4288E-03
-5.6800E-03,+703.3747E-03
-5.6700E-03,+711.7542E-03
-5.6600E-03,+718.3057E-03
-5.6500E-03,+724.3327E-03
-5.6400E-03,+731.1229E-03
-5.6300E-03,+738.7077E-03
-5.6200E-03,+744.9545E-03
-5.6100E-03,+752.1153E-03
-5.6000E-03,+759.6499E-03
-5.5900E-03,+765.6958E-03
-5.5800E-03,+771.7604E-03
-5.5700E-03,+778.2805E-03
-5.5600E-03,+785.0456E-03
-5.5500E-03,+790.8214E-03
-5.5400E-03,+798.0796E-03
-5.5300E-03,+802.9916E-03
-5.5200E-03,+808.3402E-03
-5.5100E-03,+814.7441E-03
-5.5000E-03,+821.8829E-03
-5.4900E-03,+825.8716E-03
-5.4800E-03,+832.1184E-03
-5.4700E-03,+838.2837E-03
-5.4600E-03,+842.1939E-03
-5.4500E-03,+847.3069E-03
-5.4400E-03,+854.9953E-03
-5.4300E-03,+859.4741E-03
-5.4200E-03,+862.8063E-03
-5.4100E-03,+868.8018E-03
-5.4000E-03,+874.4112E-03
-5.3900E-03,+877.9319E-03
-5.3800E-03,+882.9445E-03
-5.3700E-03,+887.7623E-03
-5.3600E-03,+891.9614E-03
-5.3500E-03,+896.9300E-03
-5.3400E-03,+901.7133E-03
-5.3300E-03,+905.4382E-03
-5.3200E-03,+909.4740E-03
-5.3100E-03,+913.9809E-03
-5.3000E-03,+916.7949E-03
-5.2900E-03,+921.6159E-03
-5.2800E-03,+925.2467E-03
-5.2700E-03,+927.0965E-03
-5.2600E-03,+931.8044E-03
-5.2500E-03,+936.5970E-03
-5.2400E-03,+938.5035E-03
-5.2300E-03,+942.0681E-03
-5.2200E-03,+945.5419E-03
-5.2100E-03,+947.5613E-03
-5.2000E-03,+951.2013E-03
-5.1900E-03,+955.3722E-03
-5.1800E-03,+957.4702E-03
-5.1700E-03,+959.3703E-03
-5.1600E-03,+962.3602E-03
-5.1500E-03,+964.5807E-03
-5.1400E-03,+967.1058E-03
-5.1300E-03,+970.2937E-03
-5.1200E-03,+970.5983E-03
-5.1100E-03,+973.4783E-03
-5.1000E-03,+975.3691E-03
-5.0900E-03,+976.1731E-03
-5.0800E-03,+979.3263E-03
-5.0700E-03,+981.0537E-03
-5.0600E-03,+980.8904E-03
-5.0500E-03,+984.1316E-03
-5.0400E-03,+985.7334E-03
-5.0300E-03,+985.2183E-03
-5.0200E-03,+987.0964E-03
-5.0100E-03,+989.1473E-03
-5.0000E-03,+988.6543E-03
-4.9900E-03,+990.3816E-03
-4.9800E-03,+991.9991E-03
-4.9700E-03,+991.6222E-03
-4.9600E-03,+992.3822E-03
-4.9500E-03,+993.5694E-03
-4.9400E-03,+992.9256E-03
-4.9300E-03,+993.8740E-03
-4.9200E-03,+993.5035E-03
-4.9100E-03,+994.2101E-03
-4.9000E-03,+994.4017E-03
-4.8900E-03,+993.8772E-03
-4.8800E-03,+993.2334E-03
-4.8700E-03,+993.1485E-03
-4.8600E-03,+992.6178E-03
-4.8500E-03,+992.3445E-03
-4.8400E-03,+993.2145E-03
-4.8300E-03,+991.4652E-03
-4.8200E-03,+990.6328E-03
-4.8100E-03,+991.1229E-03
-4.8000E-03,+987.8219E-03
-4.7900E-03,+987.4355E-03
-4.7800E-03,+987.0524E-03
-4.7700E-03,+984.9734E-03
-4.7600E-03,+983.0982E-03
-4.7500E-03,+983.6290E-03
-4.7400E-03,+980.5260E-03
-4.7300E-03,+979.0812E-03
-4.7200E-03,+977.9098E-03
-4.7100E-03,+975.3784E-03
-4.7000E-03,+973.2177E-03
-4.6900E-03,+971.9833E-03
-4.6800E-03,+969.1472E-03
-4.6700E-03,+967.3602E-03
-4.6600E-03,+965.6046E-03
-4.6500E-03,+961.8639E-03
-4.6400E-03,+960.5134E-03
-4.6300E-03,+957.8282E-03
-4.6200E-03,+954.0278E-03
-4.6100E-03,+953.2930E-03
-4.6000E-03,+949.7880E-03
-4.5900E-03,+945.4035E-03
-4.5800E-03,+943.8520E-03
-4.5700E-03,+941.0160E-03
-4.5600E-03,+937.1749E-03
-4.5500E-03,+934.3199E-03
-4.5400E-03,+930.9940E-03
-4.5300E-03,+927.1906E-03
-4.5200E-03,+923.7829E-03
-4.5100E-03,+919.8256E-03
-4.5000E-03,+915.6328E-03
-4.4900E-03,+912.9098E-03
-4.4800E-03,+907.6648E-03
-4.4700E-03,+904.4581E-03
-4.4600E-03,+901.0379E-03
-4.4500E-03,+895.3910E-03
-4.4400E-03,+891.7917E-03
-4.4300E-03,+888.2176E-03
-4.4200E-03,+882.5832E-03
-4.4100E-03,+878.2710E-03
-4.4000E-03,+874.9921E-03
-4.3900E-03,+869.2163E-03
-4.3800E-03,+864.7910E-03
-4.3700E-03,+859.2540E-03
-4.3600E-03,+854.7439E-03
-4.3500E-03,+850.2433E-03
-4.3400E-03,+844.7440E-03
-4.3300E-03,+839.0655E-03
-4.3200E-03,+835.0359E-03
-4.3100E-03,+828.5945E-03
-4.3000E-03,+822.5422E-03
-4.2900E-03,+817.7401E-03
-4.2800E-03,+812.2031E-03
-4.2700E-03,+805.7332E-03
-4.2600E-03,+800.3720E-03
-4.2500E-03,+793.6950E-03
-4.2400E-03,+788.4248E-03
-4.2300E-03,+781.9770E-03
-4.2200E-03,+775.1365E-03
-4.2100E-03,+770.1710E-03
-4.2000E-03,+764.5021E-03
-4.1900E-03,+756.6253E-03
-4.1800E-03,+750.5541E-03
-4.1700E-03,+744.8507E-03
-4.1600E-03,+737.3225E-03
-4.1500E-03,+730.6452E-03
-4.1400E-03,+724.8192E-03
-4.1300E-03,+717.5423E-03
-4.1200E-03,+711.0159E-03
-4.1100E-03,+705.1114E-03
-4.1000E-03,+697.5738E-03
-4.0900E-03,+690.4379E-03
-4.0800E-03,+684.1314E-03
-4.0700E-03,+676.5624E-03
-4.0600E-03,+669.1126E-03
-4.0500E-03,+663.0416E-03
-4.0400E-03,+654.9293E-03
-4.0300E-03,+646.1980E-03
-4.0200E-03,+639.2539E-03
-4.0100E-03,+632.3633E-03
-4.0000E-03,+623.8614E-03
-3.9900E-03,+616.5026E-03
-3.9800E-03,+610.0266E-03
-3.9700E-03,+600.6736E-03
-3.9600E-03,+592.7181E-03
-3.9500E-03,+585.9687E-03
-3.9400E-03,+577.0147E-03
-3.9300E-03,+569.0811E-03
-3.9200E-03,+561.5246E-03
-3.9100E-03,+553.1013E-03
-3.9000E-03,+544.0090E-03
-3.8900E-03,+536.5622E-03
-3.8800E-03,+528.7703E-03
-3.8700E-03,+519.1848E-03
-3.8600E-03,+510.8839E-03
-3.8500E-03,+503.6194E-03
-3.8400E-03,+494.4455E-03
-3.8300E-03,+485.2464E-03
-3.8200E-03,+476.9925E-03
-3.8100E-03,+468.6227E-03
-3.8000E-03,+458.5347E-03
-3.7900E-03,+449.7814E-03
-3.7800E-03,+442.2281E-03
-3.7700E-03,+432.7904E-03
-3.7600E-03,+421.9425E-03
-3.7500E-03,+413.6697E-03
-3.7400E-03,+405.1771E-03
-3.7300E-03,+396.5529E-03
-3.7200E-03,+386.5277E-03
-3.7100E-03,+378.0981E-03
-3.7000E-03,+369.2602E-03
-3.6900E-03,+358.8739E-03
-3.6800E-03,+347.6930E-03
-3.6700E-03,+338.0100E-03
-3.6600E-03,+330.3122E-03
-3.6500E-03,+320.3909E-03
-3.6400E-03,+310.2370E-03
-3.6300E-03,+300.3939E-03
-3.6200E-03,+292.0428E-03
-3.6100E-03,+282.1278E-03
-3.6000E-03,+271.7415E-03
-3.5900E-03,+260.8588E-03
-3.5800E-03,+251.2796E-03
-3.5700E-03,+241.9202E-03
-3.5600E-03,+232.0398E-03
-3.5500E-03,+220.9247E-03
-3.5400E-03,+211.6721E-03
-3.5300E-03,+202.5327E-03
-3.5200E-03,+193.2300E-03
-3.5100E-03,+182.6051E-03
-3.5000E-03,+171.3644E-03
-3.4900E-03,+160.2054E-03
-3.4800E-03,+150.8085E-03
-3.4700E-03,+140.5667E-03
-3.4600E-03,+130.2873E-03
-3.4500E-03,+118.7264E-03
-3.4400E-03,+107.5863E-03
-3.4300E-03,+97.5672E-03
-3.4200E-03,+87.7996E-03
-3.4100E-03,+77.4510E-03
-3.4000E-03,+66.9046E-03
-3.3900E-03,+55.5636E-03
-3.3800E-03,+44.1818E-03
-3.3700E-03,+32.6865E-03
-3.3600E-03,+23.3618E-03
-3.3500E-03,+12.8059E-03
-3.3400E-03,+2.4981E-03
-3.3300E-03,-8.0546E-03
-3.3200E-03,-19.2668E-03
-3.3100E-03,-30.9943E-03
-3.3000E-03,-41.9680E-03
-3.2900E-03,-52.8945E-03
-3.2800E-03,-62.8851E-03
-3.2700E-03,-73.0923E-03
-3.2600E-03,-83.4001E-03
-3.2500E-03,-93.7896E-03
-3.2400E-03,-104.1538E-03
-3.2300E-03,-114.7724E-03
-3.2200E-03,-126.1197E-03
-3.2100E-03,-137.1122E-03
-3.2000E-03,-149.0030E-03
-3.1900E-03,-160.0362E-03
-3.1800E-03,-170.9754E-03
-3.1700E-03,-182.4454E-03
-3.1600E-03,-193.1176E-03
-3.1500E-03,-203.9498E-03
-3.1400E-03,-214.2921E-03
-3.1300E-03,-225.7525E-03
-3.1200E-03,-235.9127E-03
-3.1100E-03,-247.4705E-03
-3.1000E-03,-258.1897E-03
-3.0900E-03,-268.7771E-03
-3.0800E-03,-278.9593E-03
-3.0700E-03,-290.7306E-03
-3.0600E-03,-301.5346E-03
-3.0500E-03,-312.0528E-03
-3.0400E-03,-323.0044E-03
-3.0300E-03,-333.6640E-03
-3.0200E-03,-344.2418E-03
-3.0100E-03,-354.4931E-03
-3.0000E-03,-364.9109E-03
-2.9900E-03,-376.0886E-03
-2.9800E-03,-387.0718E-03
-2.9700E-03,-398.2149E-03
-2.9600E-03,-408.7172E-03
-2.9500E-03,-418.6795E-03
-2.9400E-03,-429.1882E-03
-2.9300E-03,-439.5779E-03
-2.9200E-03,-448.8240E-03
-2.9100E-03,-457.7151E-03
-2.9000E-03,-467.7215E-03
-2.8900E-03,-477.2631E-03
-2.8800E-03,-487.3135E-03
-2.8700E-03,-497.5364E-03
-2.8600E-03,-508.1426E-03
-2.8500E-03,-518.0044E-03
-2.8400E-03,-528.2495E-03
-2.8300E-03,-538.3153E-03
-2.8200E-03,-548.9902E-03
-2.8100E-03,-557.4358E-03
-2.8000E-03,-565.6328E-03
-2.7900E-03,-575.9189E-03
-2.7800E-03,-585.0113E-03
-2.7700E-03,-594.7129E-03
-2.7600E-03,-603.8840E-03
-2.7500E-03,-615.3032E-03
-2.7400E-03,-624.9109E-03
-2.7300E-03,-631.7006E-03
-2.7200E-03,-640.8842E-03
-2.7100E-03,-649.9862E-03
-2.7000E-03,-659.5716E-03
-2.6900E-03,-668.3060E-03
-2.6800E-03,-678.0296E-03
-2.6700E-03,-686.2202E-03
-2.6600E-03,-693.4437E-03
-2.6500E-03,-702.4108E-03
-2.6400E-03,-712.1815E-03
-2.6300E-03,-720.9754E-03
-2.6200E-03,-728.9403E-03
-2.6100E-03,-736.0034E-03
-2.6000E-03,-744.0249E-03
-2.5900E-03,-753.1805E-03
-2.5800E-03,-762.8220E-03
-2.5700E-03,-770.1084E-03
-2.5600E-03,-776.1856E-03
-2.5500E-03,-785.3725E-03
-2.5400E-03,-793.5572E-03
-2.5300E-03,-801.5722E-03
-2.5200E-03,-808.5976E-03
-2.5100E-03,-814.8105E-03
-2.5000E-03,-825.4163E-03
-2.4900E-03,-832.8599E-03
-2.4800E-03,-838.2523E-03
-2.4700E-03,-845.8090E-03
-2.4600E-03,-853.6892E-03
-2.4500E-03,-861.7541E-03
-2.4400E-03,-867.1877E-03
-2.4300E-03,-874.0846E-03
-2.4200E-03,-883.6862E-03
-2.4100E-03,-889.2005E-03
-2.4000E-03,-895.8938E-03
-2.3900E-03,-903.2619E-03
-2.3800E-03,-910.5166E-03
-2.3700E-03,-915.4412E-03
-2.3600E-03,-921.4998E-03
-2.3500E-03,-929.5622E-03
-2.3400E-03,-934.5178E-03
-2.3300E-03,-939.6722E-03
-2.3200E-03,-947.5456E-03
-2.3100E-03,-952.7341E-03
-2.3000E-03,-958.6920E-03
-2.2900E-03,-964.1821E-03
-2.2800E-03,-971.1637E-03
-2.2700E-03,-975.5262E-03
-2.2600E-03,-982.0025E-03
-2.2500E-03,-987.4763E-03
-2.2400E-03,-991.6034E-03
-2.2300E-03,-997.6369E-03
-2.2200E-03,-1.0028440E+00
-2.2100E-03,-1.0074358E+00
-2.2000E-03,-1.0132777E+00
-2.1900E-03,-1.0194518E+00
-2.1800E-03,-1.0219142E+00
-2.1700E-03,-1.0289183E+00
-2.1600E-03,-1.0323445E+00
-2.1500E-03,-1.0375394E+00
-2.1400E-03,-1.0412800E+00
-2.1300E-03,-1.0463614E+00
-2.1200E-03,-1.0495713E+00
-2.1100E-03,-1.0559315E+00
-2.1000E-03,-1.0586446E+00
-2.0900E-03,-1.0628693E+00
-2.0800E-03,-1.0670053E+00
-2.0700E-03,-1.0707084E+00
-2.0600E-03,-1.0748101E+00
-2.0500E-03,-1.0786825E+00
-2.0400E-03,-1.0823039E+00
-2.0300E-03,-1.0868137E+00
-2.0200E-03,-1.0882995E+00
-2.0100E-03,-1.0932899E+00
-2.0000E-03,-1.0948101E+00
-1.9900E-03,-1.0981173E+00
-1.9800E-03,-1.1011794E+00
-1.9700E-03,-1.1037955E+00
-1.9600E-03,-1.1062707E+00
-1.9500E-03,-1.1105132E+00
-1.9400E-03,-1.1111169E+00
-1.9300E-03,-1.1156550E+00
-1.9200E-03,-1.1167290E+00
-1.9100E-03,-1.1198697E+00
-1.9000E-03,-1.1211605E+00
-1.8900E-03,-1.1235569E+00
-1.8800E-03,-1.1269486E+00
-1.8700E-03,-1.1267476E+00
-1.8600E-03,-1.1311137E+00
-1.8500E-03,-1.1307237E+00
-1.8400E-03,-1.1329321E+00
-1.8300E-03,-1.1340655E+00
-1.8200E-03,-1.1360789E+00
-1.8100E-03,-1.1373415E+00
-1.8000E-03,-1.1381987E+00
-1.7900E-03,-1.1394837E+00
-1.7800E-03,-1.1398661E+00
-1.7700E-03,-1.1410573E+00
-1.7600E-03,-1.1425985E+00
-1.7500E-03,-1.1418423E+00
-1.7400E-03,-1.1435820E+00
-1.7300E-03,-1.1430388E+00
-1.7200E-03,-1.1441504E+00
-1.7100E-03,-1.1435318E+00
-1.7000E-03,-1.1443705E+00
-1.6900E-03,-1.1447125E+00
-1.6800E-03,-1.1453190E+00
-1.6700E-03,-1.1443386E+00
-1.6600E-03,-1.1447255E+00
-1.6500E-03,-1.1447311E+00
-1.6400E-03,-1.1432933E+00
-1.6300E-03,-1.1444799E+00
-1.6200E-03,-1.1428690E+00
-1.6100E-03,-1.1427999E+00
-1.6000E-03,-1.1418735E+00
-1.5900E-03,-1.1408055E+00
-1.5800E-03,-1.1399796E+00
-1.5700E-03,-1.1396685E+00
-1.5600E-03,-1.1371401E+00
-1.5500E-03,-1.1377593E+00
-1.5400E-03,-1.1347970E+00
-1.5300E-03,-1.1337268E+00
-1.5200E-03,-1.1327335E+00
-1.5100E-03,-1.1299327E+00
-1.5000E-03,-1.1294360E+00
-1.4900E-03,-1.1267758E+00
-1.4800E-03,-1.1259753E+00
-1.4700E-03,-1.1230037E+00
-1.4600E-03,-1.1198103E+00
-1.4500E-03,-1.1205317E+00
-1.4400E-03,-1.1144178E+00
-1.4300E-03,-1.1153127E+00
-1.4200E-03,-1.1108933E+00
-1.4100E-03,-1.1093044E+00
-1.4000E-03,-1.1063203E+00
-1.3900E-03,-1.1031863E+00
-1.3800E-03,-1.1017631E+00
-1.3700E-03,-1.0970082E+00
-1.3600E-03,-1.0958246E+00
-1.3500E-03,-1.0903342E+00
-1.3400E-03,-1.0883779E+00
-1.3300E-03,-1.0838771E+00
-1.3200E-03,-1.0818324E+00
-1.3100E-03,-1.0761317E+00
-1.3000E-03,-1.0752907E+00
-1.2900E-03,-1.0701425E+00
-1.2800E-03,-1.0674734E+00
-1.2700E-03,-1.0635282E+00
-1.2600E-03,-1.0583686E+00
-1.2500E-03,-1.0567286E+00
-1.2400E-03,-1.0507424E+00
-1.2300E-03,-1.0472347E+00
-1.2200E-03,-1.0427492E+00
-1.2100E-03,-1.0378001E+00
-1.2000E-03,-1.0343823E+00
-1.1900E-03,-1.0282901E+00
-1.1800E-03,-1.0256674E+00
-1.1700E-03,-1.0191595E+00
-1.1600E-03,-1.0159627E+00
-1.1500E-03,-1.0099165E+00
-1.1400E-03,-1.0051806E+00
-1.1300E-03,-1.0007990E+00
-1.1200E-03,-994.7470E-03
-1.1100E-03,-990.6108E-03
-1.1000E-03,-984.6651E-03
-1.0900E-03,-979.6656E-03
-1.0800E-03,-974.8536E-03
-1.0700E-03,-966.7039E-03
-1.0600E-03,-964.8323E-03
-1.0500E-03,-956.2886E-03
-1.0400E-03,-951.0100E-03
-1.0300E-03,-946.4458E-03
-1.0200E-03,-938.4657E-03
-1.0100E-03,-933.9996E-03
-1.0000E-03,-927.8028E-03
-990.0E-06,-921.4146E-03
-980.0E-06,-915.3878E-03
-970.0E-06,-909.3322E-03
-960.0E-06,-902.4323E-03
-950.0E-06,-896.7884E-03
-940.0E-06,-889.4799E-03
-930.0E-06,-882.6646E-03
-920.0E-06,-877.6805E-03
-910.0E-06,-869.3917E-03
-900.0E-06,-862.2723E-03
-890.0E-06,-857.1621E-03
-880.0E-06,-849.0150E-03
-870.0E-06,-841.5654E-03
-860.0E-06,-835.8810E-03
-850.0E-06,-827.6925E-03
-840.0E-06,-820.2843E-03
-830.0E-06,-814.3669E-03
-820.0E-06,-806.4646E-03
-810.0E-06,-797.6739E-03
-800.0E-06,-791.8419E-03
-790.0E-06,-783.6380E-03
-780.0E-06,-776.1318E-03
-770.0E-06,-768.1893E-03
-760.0E-06,-761.6029E-03
-750.0E-06,-752.9442E-03
-740.0E-06,-744.7594E-03
-730.0E-06,-738.0165E-03
-720.0E-06,-730.0389E-03
-710.0E-06,-721.7853E-03
-700.0E-06,-714.5962E-03
-690.0E-06,-706.8667E-03
-680.0E-06,-697.5734E-03
-670.0E-06,-690.2182E-03
-660.0E-06,-682.7745E-03
-650.0E-06,-673.7510E-03
-640.0E-06,-664.9636E-03
-630.0E-06,-656.7196E-03
-620.0E-06,-649.8195E-03
-610.0E-06,-640.2555E-03
-600.0E-06,-631.3202E-03
-590.0E-06,-622.6492E-03
-580.0E-06,-615.0957E-03
-570.0E-06,-607.0330E-03
-560.0E-06,-596.4803E-03
-550.0E-06,-587.0676E-03
-540.0E-06,-579.5618E-03
-530.0E-06,-571.6031E-03
-520.0E-06,-562.1617E-03
-510.0E-06,-552.5639E-03
-500.0E-06,-543.1453E-03
-490.0E-06,-533.5284E-03
-480.0E-06,-525.7584E-03
-470.0E-06,-517.1213E-03
-460.0E-06,-507.3532E-03
-450.0E-06,-497.3379E-03
-440.0E-06,-487.3822E-03
-430.0E-06,-479.8256E-03
-420.0E-06,-470.1929E-03
-410.0E-06,-460.7424E-03
-400.0E-06,-451.8447E-03
-390.0E-06,-441.7663E-03
-380.0E-06,-432.4258E-03
-370.0E-06,-422.7651E-03
-360.0E-06,-413.0102E-03
-350.0E-06,-403.0853E-03
-340.0E-06,-393.1793E-03
-330.0E-06,-382.9094E-03
-320.0E-06,-372.1749E-03
-310.0E-06,-362.7712E-03
-300.0E-06,-354.7344E-03
-290.0E-06,-346.2075E-03
-280.0E-06,-335.8114E-03
-270.0E-06,-325.4312E-03
-260.0E-06,-315.3433E-03
-250.0E-06,-304.5301E-03
-240.0E-06,-295.0827E-03
-230.0E-06,-284.8630E-03
-220.0E-06,-274.8474E-03
-210.0E-06,-264.3229E-03
-200.0E-06,-254.4202E-03
-190.0E-06,-244.5740E-03
-180.0E-06,-234.6181E-03
-170.0E-06,-223.7353E-03
-160.0E-06,-213.4808E-03
-150.0E-06,-202.7553E-03
-140.0E-06,-192.1209E-03
-130.0E-06,-181.1569E-03
-120.0E-06,-170.7139E-03
-110.0E-06,-160.0292E-03
-100.0E-06,-149.9290E-03
-90.0E-06,-139.6966E-03
-80.0E-06,-128.3807E-03
-70.0E-06,-118.4937E-03
-60.0E-06,-107.4351E-03
-50.0E-06,-97.3694E-03
-40.0E-06,-86.7004E-03
-30.0E-06,-76.4995E-03
-20.0E-06,-66.1005E-03
-10.0E-06,-55.5761E-03
-0.0E+00,-44.4800E-03
+10.0E-06,-33.7262E-03
+20.0E-06,-22.8688E-03
+30.0E-06,-12.0335E-03
+40.0E-06,-1.5371E-03
+50.0E-06,+9.1317E-03
+60.0E-06,+19.8761E-03
+70.0E-06,+29.7130E-03
+80.0E-06,+40.4166E-03
+90.0E-06,+51.1326E-03
+100.0E-06,+61.6131E-03
+110.0E-06,+72.6590E-03
+120.0E-06,+82.8507E-03
+130.0E-06,+93.5981E-03
+140.0E-06,+104.1793E-03
+150.0E-06,+114.9424E-03
+160.0E-06,+125.2848E-03
+170.0E-06,+135.3320E-03
+180.0E-06,+145.7779E-03
+190.0E-06,+156.2958E-03
+200.0E-06,+167.2977E-03
+210.0E-06,+178.5413E-03
+220.0E-06,+189.0407E-03
+230.0E-06,+200.0772E-03
+240.0E-06,+210.5200E-03
+250.0E-06,+221.2236E-03
+260.0E-06,+230.1717E-03
+270.0E-06,+240.3914E-03
+280.0E-06,+250.6081E-03
+290.0E-06,+261.2772E-03
+300.0E-06,+271.5534E-03
+310.0E-06,+281.8549E-03
+320.0E-06,+292.8693E-03
+330.0E-06,+303.8587E-03
+340.0E-06,+313.6169E-03
+350.0E-06,+323.4539E-03
+360.0E-06,+332.5021E-03
+370.0E-06,+342.6435E-03
+380.0E-06,+352.7970E-03
+390.0E-06,+363.4410E-03
+400.0E-06,+373.3121E-03
+410.0E-06,+383.2493E-03
+420.0E-06,+393.2397E-03
+430.0E-06,+403.6419E-03
+440.0E-06,+413.6924E-03
+450.0E-06,+422.7786E-03
+460.0E-06,+431.5035E-03
+470.0E-06,+441.1703E-03
+480.0E-06,+450.5955E-03
+490.0E-06,+460.2250E-03
+500.0E-06,+468.7112E-03
+510.0E-06,+478.4691E-03
+520.0E-06,+488.5099E-03
+530.0E-06,+498.4283E-03
+540.0E-06,+507.0968E-03
+550.0E-06,+516.3555E-03
+560.0E-06,+524.9454E-03
+570.0E-06,+532.8819E-03
+580.0E-06,+541.3744E-03
+590.0E-06,+550.7775E-03
+600.0E-06,+560.0898E-03
+610.0E-06,+569.0281E-03
+620.0E-06,+575.7401E-03
+630.0E-06,+583.9498E-03
+640.0E-06,+592.4675E-03
+650.0E-06,+600.7463E-03
+660.0E-06,+608.2492E-03
+670.0E-06,+617.4829E-03
+680.0E-06,+626.6066E-03
+690.0E-06,+634.5624E-03
+700.0E-06,+641.5126E-03
+710.0E-06,+649.5120E-03
+720.0E-06,+656.9806E-03
+730.0E-06,+663.8334E-03
+740.0E-06,+671.8894E-03
+750.0E-06,+680.4729E-03
+760.0E-06,+688.1867E-03
+770.0E-06,+694.0756E-03
+780.0E-06,+701.3336E-03
+790.0E-06,+708.4033E-03
+800.0E-06,+715.8215E-03
+810.0E-06,+723.4848E-03
+820.0E-06,+730.5169E-03
+830.0E-06,+736.8111E-03
+840.0E-06,+743.0609E-03
+850.0E-06,+749.7568E-03
+860.0E-06,+757.1216E-03
+870.0E-06,+763.6920E-03
+880.0E-06,+770.9440E-03
+890.0E-06,+776.9210E-03
+900.0E-06,+781.7292E-03
+910.0E-06,+788.8427E-03
+920.0E-06,+795.9910E-03
+930.0E-06,+801.5188E-03
+940.0E-06,+808.2086E-03
+950.0E-06,+813.1834E-03
+960.0E-06,+818.3216E-03
+970.0E-06,+824.0626E-03
+980.0E-06,+830.6864E-03
+990.0E-06,+836.3334E-03
+1.0000E-03,+840.9629E-03
+1.0100E-03,+845.8497E-03
+1.0200E-03,+851.2611E-03
+1.0300E-03,+856.9992E-03
+1.0400E-03,+862.0652E-03
+1.0500E-03,+867.8788E-03
+1.0600E-03,+871.1673E-03
+1.0700E-03,+876.4464E-03
+1.0800E-03,+881.8674E-03
+1.0900E-03,+886.2454E-03
+1.1000E-03,+890.9157E-03
+1.1100E-03,+895.4353E-03
+1.1200E-03,+897.9700E-03
+1.1300E-03,+902.8942E-03
+1.1400E-03,+908.0827E-03
+1.1500E-03,+912.2410E-03
+1.1600E-03,+915.6110E-03
+1.1700E-03,+919.3956E-03
+1.1800E-03,+923.4438E-03
+1.1900E-03,+926.9362E-03
+1.2000E-03,+931.5407E-03
+1.2100E-03,+933.6577E-03
+1.2200E-03,+936.5282E-03
+1.2300E-03,+939.4991E-03
+1.2400E-03,+943.7421E-03
+1.2500E-03,+946.9614E-03
+1.2600E-03,+950.0206E-03
+1.2700E-03,+952.0462E-03
+1.2800E-03,+955.7993E-03
+1.2900E-03,+959.2667E-03
+1.3000E-03,+961.2831E-03
+1.3100E-03,+962.9383E-03
+1.3200E-03,+965.2686E-03
+1.3300E-03,+967.8344E-03
+1.3400E-03,+970.5261E-03
+1.3500E-03,+973.2335E-03
+1.3600E-03,+974.6626E-03
+1.3700E-03,+975.9314E-03
+1.3800E-03,+978.2490E-03
+1.3900E-03,+980.2685E-03
+1.4000E-03,+982.5143E-03
+1.4100E-03,+983.4284E-03
+1.4200E-03,+984.4332E-03
+1.4300E-03,+986.6660E-03
+1.4400E-03,+988.2397E-03
+1.4500E-03,+987.9634E-03
+1.4600E-03,+988.6700E-03
+1.4700E-03,+989.6749E-03
+1.4800E-03,+990.5073E-03
+1.4900E-03,+992.4513E-03
+1.5000E-03,+992.5801E-03
+1.5100E-03,+992.0964E-03
+1.5200E-03,+993.3557E-03
+1.5300E-03,+994.1409E-03
+1.5400E-03,+994.4299E-03
+1.5500E-03,+994.6532E-03
+1.5600E-03,+993.4378E-03
+1.5700E-03,+993.4655E-03
+1.5800E-03,+994.8161E-03
+1.5900E-03,+995.3598E-03
+1.6000E-03,+993.3654E-03
+1.6100E-03,+992.7213E-03
+1.6200E-03,+993.0134E-03
+1.6300E-03,+992.9915E-03
+1.6400E-03,+992.8472E-03
+1.6500E-03,+990.7114E-03
+1.6600E-03,+989.6652E-03
+1.6700E-03,+988.9273E-03
+1.6800E-03,+987.9192E-03
+1.6900E-03,+986.3615E-03
+1.7000E-03,+984.1943E-03
+1.7100E-03,+982.6993E-03
+1.7200E-03,+982.0020E-03
+1.7300E-03,+981.7478E-03
+1.7400E-03,+978.2902E-03
+1.7500E-03,+976.4840E-03
+1.7600E-03,+975.8777E-03
+1.7700E-03,+973.1954E-03
+1.7800E-03,+970.8715E-03
+1.7900E-03,+968.3025E-03
+1.8000E-03,+965.8368E-03
+1.8100E-03,+963.9398E-03
+1.8200E-03,+962.3508E-03
+1.8300E-03,+958.7484E-03
+1.8400E-03,+956.0945E-03
+1.8500E-03,+952.5987E-03
+1.8600E-03,+950.8965E-03
+1.8700E-03,+948.3432E-03
+1.8800E-03,+944.6217E-03
+1.8900E-03,+940.3123E-03
+1.9000E-03,+938.9994E-03
+1.9100E-03,+935.9877E-03
+1.9200E-03,+931.7445E-03
+1.9300E-03,+927.7717E-03
+1.9400E-03,+924.0057E-03
+1.9500E-03,+920.8460E-03
+1.9600E-03,+918.2551E-03
+1.9700E-03,+913.5443E-03
+1.9800E-03,+908.4216E-03
+1.9900E-03,+905.1458E-03
+2.0000E-03,+901.1854E-03
+2.0100E-03,+897.5139E-03
+2.0200E-03,+892.7747E-03
+2.0300E-03,+887.3443E-03
+2.0400E-03,+884.2914E-03
+2.0500E-03,+880.1898E-03
+2.0600E-03,+874.7220E-03
+2.0700E-03,+869.7406E-03
+2.0800E-03,+865.3060E-03
+2.0900E-03,+860.2431E-03
+2.1000E-03,+856.6187E-03
+2.1100E-03,+850.5040E-03
+2.1200E-03,+844.4959E-03
+2.1300E-03,+841.5244E-03
+2.1400E-03,+835.7393E-03
+2.1500E-03,+830.2370E-03
+2.1600E-03,+824.7752E-03
+2.1700E-03,+818.8518E-03
+2.1800E-03,+813.2173E-03
+2.1900E-03,+809.1974E-03
+2.2000E-03,+803.0386E-03
+2.2100E-03,+795.8525E-03
+2.2200E-03,+790.7612E-03
+2.2300E-03,+785.0357E-03
+2.2400E-03,+778.9993E-03
+2.2500E-03,+773.2016E-03
+2.2600E-03,+765.6829E-03
+2.2700E-03,+758.6412E-03
+2.2800E-03,+753.9144E-03
+2.2900E-03,+748.3744E-03
+2.3000E-03,+740.5856E-03
+2.3100E-03,+733.6414E-03
+2.3200E-03,+726.5372E-03
+2.3300E-03,+720.2084E-03
+2.3400E-03,+714.7249E-03
+2.3500E-03,+707.6241E-03
+2.3600E-03,+699.3608E-03
+2.3700E-03,+693.6507E-03
+2.3800E-03,+687.0615E-03
+2.3900E-03,+679.5081E-03
+2.4000E-03,+673.3902E-03
+2.4100E-03,+664.8759E-03
+2.4200E-03,+656.8230E-03
+2.4300E-03,+649.8912E-03
+2.4400E-03,+643.1859E-03
+2.4500E-03,+635.5290E-03
+2.4600E-03,+627.1559E-03
+2.4700E-03,+619.4486E-03
+2.4800E-03,+610.5886E-03
+2.4900E-03,+603.8453E-03
+2.5000E-03,+597.4005E-03
+2.5100E-03,+588.5881E-03
+2.5200E-03,+580.1268E-03
+2.5300E-03,+572.1997E-03
+2.5400E-03,+563.8328E-03
+2.5500E-03,+555.6921E-03
+2.5600E-03,+548.9834E-03
+2.5700E-03,+540.6705E-03
+2.5800E-03,+530.4789E-03
+2.5900E-03,+521.8166E-03
+2.6000E-03,+513.2926E-03
+2.6100E-03,+505.7799E-03
+2.6200E-03,+497.7208E-03
+2.6300E-03,+489.4799E-03
+2.6400E-03,+479.9071E-03
+2.6500E-03,+470.1238E-03
+2.6600E-03,+461.2730E-03
+2.6700E-03,+453.1040E-03
+2.6800E-03,+444.7969E-03
+2.6900E-03,+435.5256E-03
+2.7000E-03,+426.9233E-03
+2.7100E-03,+418.3116E-03
+2.7200E-03,+407.9381E-03
+2.7300E-03,+398.6414E-03
+2.7400E-03,+389.8315E-03
+2.7500E-03,+381.2416E-03
+2.7600E-03,+372.4070E-03
+2.7700E-03,+363.0728E-03
+2.7800E-03,+353.9458E-03
+2.7900E-03,+344.2537E-03
+2.8000E-03,+333.8175E-03
+2.8100E-03,+322.8657E-03
+2.8200E-03,+313.9236E-03
+2.8300E-03,+304.9915E-03
+2.8400E-03,+295.3810E-03
+2.8500E-03,+286.1097E-03
+2.8600E-03,+276.5555E-03
+2.8700E-03,+267.1994E-03
+2.8800E-03,+256.6661E-03
+2.8900E-03,+245.9279E-03
+2.9000E-03,+235.4975E-03
+2.9100E-03,+225.0861E-03
+2.9200E-03,+215.2651E-03
+2.9300E-03,+204.7218E-03
+2.9400E-03,+194.3223E-03
+2.9500E-03,+184.4764E-03
+2.9600E-03,+174.7842E-03
+2.9700E-03,+164.9002E-03
+2.9800E-03,+154.2409E-03
+2.9900E-03,+143.8610E-03
+3.0000E-03,+133.4400E-03
+3.0100E-03,+124.2003E-03
+3.0200E-03,+113.8233E-03
+3.0300E-03,+103.9300E-03
+3.0400E-03,+93.1262E-03
+3.0500E-03,+81.5244E-03
+3.0600E-03,+71.1569E-03
+3.0700E-03,+60.5101E-03
+3.0800E-03,+50.5289E-03
+3.0900E-03,+39.2693E-03
+3.1000E-03,+28.3680E-03
+3.1100E-03,+18.3524E-03
+3.1200E-03,+6.9296E-03
+3.1300E-03,-3.9371E-03
+3.1400E-03,-14.1099E-03
+3.1500E-03,-25.6520E-03
+3.1600E-03,-36.0071E-03
+3.1700E-03,-46.4469E-03
+3.1800E-03,-56.8426E-03
+3.1900E-03,-67.0745E-03
+3.2000E-03,-78.3214E-03
+3.2100E-03,-89.7632E-03
+3.2200E-03,-101.0292E-03
+3.2300E-03,-111.9276E-03
+3.2400E-03,-123.6046E-03
+3.2500E-03,-133.5201E-03
+3.2600E-03,-145.8504E-03
+3.2700E-03,-156.1708E-03
+3.2800E-03,-167.0532E-03
+3.2900E-03,-177.7506E-03
+3.3000E-03,-188.7336E-03
+3.3100E-03,-199.6664E-03
+3.3200E-03,-210.7812E-03
+3.3300E-03,-221.7672E-03
+3.3400E-03,-232.8068E-03
+3.3500E-03,-243.8368E-03
+3.3600E-03,-253.9501E-03
+3.3700E-03,-265.4324E-03
+3.3800E-03,-276.0573E-03
+3.3900E-03,-287.2477E-03
+3.4000E-03,-297.8256E-03
+3.4100E-03,-308.8211E-03
+3.4200E-03,-319.7568E-03
+3.4300E-03,-330.5828E-03
+3.4400E-03,-340.6520E-03
+3.4500E-03,-351.3745E-03
+3.4600E-03,-361.9617E-03
+3.4700E-03,-372.1908E-03
+3.4800E-03,-382.7467E-03
+3.4900E-03,-392.7816E-03
+3.5000E-03,-402.6782E-03
+3.5100E-03,-413.2902E-03
+3.5200E-03,-423.3219E-03
+3.5300E-03,-434.0602E-03
+3.5400E-03,-444.3588E-03
+3.5500E-03,-455.5833E-03
+3.5600E-03,-465.7779E-03
+3.5700E-03,-476.8838E-03
+3.5800E-03,-486.7201E-03
+3.5900E-03,-495.8182E-03
+3.6000E-03,-505.1272E-03
+3.6100E-03,-514.3802E-03
+3.6200E-03,-523.6205E-03
+3.6300E-03,-534.0883E-03
+3.6400E-03,-543.5420E-03
+3.6500E-03,-554.6727E-03
+3.6600E-03,-564.6818E-03
+3.6700E-03,-574.2573E-03
+3.6800E-03,-583.1516E-03
+3.6900E-03,-590.7364E-03
+3.7000E-03,-600.1496E-03
+3.7100E-03,-611.0045E-03
+3.7200E-03,-621.1204E-03
+3.7300E-03,-629.7004E-03
+3.7400E-03,-639.3169E-03
+3.7500E-03,-647.3386E-03
+3.7600E-03,-655.4005E-03
+3.7700E-03,-665.1972E-03
+3.7800E-03,-675.2159E-03
+3.7900E-03,-684.3829E-03
+3.8000E-03,-692.4702E-03
+3.8100E-03,-699.6159E-03
+3.8200E-03,-709.0727E-03
+3.8300E-03,-717.9922E-03
+3.8400E-03,-726.6636E-03
+3.8500E-03,-734.3043E-03
+3.8600E-03,-741.3619E-03
+3.8700E-03,-749.8548E-03
+3.8800E-03,-759.8422E-03
+3.8900E-03,-767.9448E-03
+3.9000E-03,-774.8980E-03
+3.9100E-03,-782.0936E-03
+3.9200E-03,-790.0935E-03
+3.9300E-03,-799.7284E-03
+3.9400E-03,-806.2172E-03
+3.9500E-03,-812.9006E-03
+3.9600E-03,-821.6763E-03
+3.9700E-03,-829.6845E-03
+3.9800E-03,-836.2736E-03
+3.9900E-03,-843.9185E-03
+4.0000E-03,-851.7987E-03
+4.0100E-03,-859.5878E-03
+4.0200E-03,-865.8714E-03
+4.0300E-03,-872.0028E-03
+4.0400E-03,-880.4324E-03
+4.0500E-03,-887.7117E-03
+4.0600E-03,-892.6153E-03
+4.0700E-03,-900.5517E-03
+4.0800E-03,-907.5366E-03
+4.0900E-03,-912.9945E-03
+4.1000E-03,-918.9786E-03
+4.1100E-03,-927.3762E-03
+4.1200E-03,-932.6523E-03
+4.1300E-03,-937.5551E-03
+4.1400E-03,-946.1581E-03
+4.1500E-03,-950.5731E-03
+4.1600E-03,-956.3903E-03
+4.1700E-03,-963.2433E-03
+4.1800E-03,-969.4045E-03
+4.1900E-03,-972.7495E-03
+4.2000E-03,-981.3845E-03
+4.2100E-03,-985.5667E-03
+4.2200E-03,-990.4858E-03
+4.2300E-03,-996.8800E-03
+4.2400E-03,-1.0019332E+00
+4.2500E-03,-1.0060069E+00
+4.2600E-03,-1.0121378E+00
+4.2700E-03,-1.0174610E+00
+4.2800E-03,-1.0215753E+00
+4.2900E-03,-1.0268458E+00
+4.3000E-03,-1.0324981E+00
+4.3100E-03,-1.0347918E+00
+4.3200E-03,-1.0414155E+00
+4.3300E-03,-1.0455449E+00
+4.3400E-03,-1.0486544E+00
+4.3500E-03,-1.0543426E+00
+4.3600E-03,-1.0580164E+00
+4.3700E-03,-1.0610482E+00
+4.3800E-03,-1.0672979E+00
+4.3900E-03,-1.0690246E+00
+4.4000E-03,-1.0736423E+00
+4.4100E-03,-1.0777994E+00
+4.4200E-03,-1.0790697E+00
+4.4300E-03,-1.0860628E+00
+4.4400E-03,-1.0854656E+00
+4.4500E-03,-1.0912305E+00
+4.4600E-03,-1.0937764E+00
+4.4700E-03,-1.0963368E+00
+4.4800E-03,-1.1002687E+00
+4.4900E-03,-1.1024670E+00
+4.5000E-03,-1.1053319E+00
+4.5100E-03,-1.1090342E+00
+4.5200E-03,-1.1107052E+00
+4.5300E-03,-1.1146091E+00
+4.5400E-03,-1.1160068E+00
+4.5500E-03,-1.1181929E+00
+4.5600E-03,-1.1217821E+00
+4.5700E-03,-1.1223537E+00
+4.5800E-03,-1.1253981E+00
+4.5900E-03,-1.1266215E+00
+4.6000E-03,-1.1278196E+00
+4.6100E-03,-1.1318980E+00
+4.6200E-03,-1.1306115E+00
+4.6300E-03,-1.1348828E+00
+4.6400E-03,-1.1347718E+00
+4.6500E-03,-1.1373043E+00
+4.6600E-03,-1.1382422E+00
+4.6700E-03,-1.1380205E+00
+4.6800E-03,-1.1418506E+00
+4.6900E-03,-1.1392599E+00
+4.7000E-03,-1.1422665E+00
+4.7100E-03,-1.1420020E+00
+4.7200E-03,-1.1430136E+00
+4.7300E-03,-1.1435694E+00
+4.7400E-03,-1.1435130E+00
+4.7500E-03,-1.1453752E+00
+4.7600E-03,-1.1439867E+00
+4.7700E-03,-1.1448480E+00
+4.7800E-03,-1.1450231E+00
+4.7900E-03,-1.1440814E+00
+4.8000E-03,-1.1444647E+00
+4.8100E-03,-1.1438050E+00
+4.8200E-03,-1.1444683E+00
+4.8300E-03,-1.1429437E+00
+4.8400E-03,-1.1425713E+00
+4.8500E-03,-1.1435687E+00
+4.8600E-03,-1.1405076E+00
+4.8700E-03,-1.1413268E+00
+4.8800E-03,-1.1395362E+00
+4.8900E-03,-1.1396724E+00
+4.9000E-03,-1.1385593E+00
+4.9100E-03,-1.1362805E+00
+4.9200E-03,-1.1370926E+00
+4.9300E-03,-1.1327786E+00
+4.9400E-03,-1.1342797E+00
+4.9500E-03,-1.1309119E+00
+4.9600E-03,-1.1294836E+00
+4.9700E-03,-1.1274480E+00
+4.9800E-03,-1.1252682E+00
+4.9900E-03,-1.1237361E+00
+5.0000E-03,-1.1218982E+00
+5.0100E-03,-1.1190687E+00
+5.0200E-03,-1.1184063E+00
+5.0300E-03,-1.1146963E+00
+5.0400E-03,-1.1124173E+00
+5.0500E-03,-1.1103558E+00
+5.0600E-03,-1.1067013E+00
+5.0700E-03,-1.1068641E+00
+5.0800E-03,-1.1015275E+00
+5.0900E-03,-1.1003128E+00
+5.1000E-03,-1.0958144E+00
+5.1100E-03,-1.0927562E+00
+5.1200E-03,-1.0906448E+00
+5.1300E-03,-1.0848817E+00
+5.1400E-03,-1.0833717E+00
+5.1500E-03,-1.0795769E+00
+5.1600E-03,-1.0755954E+00
+5.1700E-03,-1.0731072E+00
+5.1800E-03,-1.0682238E+00
+5.1900E-03,-1.0652624E+00
+5.2000E-03,-1.0617536E+00
+5.2100E-03,-1.0563393E+00
+5.2200E-03,-1.0534188E+00
+5.2300E-03,-1.0480285E+00
+5.2400E-03,-1.0434851E+00
+5.2500E-03,-1.0414956E+00
+5.2600E-03,-1.0339928E+00
+5.2700E-03,-1.0319931E+00
+5.2800E-03,-1.0265428E+00
+5.2900E-03,-1.0211356E+00
+5.3000E-03,-1.0171400E+00
+5.3100E-03,-1.0111730E+00
+5.3200E-03,-1.0070146E+00
+5.3300E-03,-1.0027902E+00
+5.3400E-03,-997.6204E-03
+5.3500E-03,-992.3286E-03
+5.3600E-03,-987.3913E-03
+5.3700E-03,-981.7535E-03
+5.3800E-03,-975.2210E-03
+5.3900E-03,-971.3932E-03
+5.4000E-03,-964.4698E-03
+5.4100E-03,-959.1632E-03
+5.4200E-03,-954.2881E-03
+5.4300E-03,-947.1557E-03
+5.4400E-03,-941.1069E-03
+5.4500E-03,-937.1310E-03
+5.4600E-03,-929.3505E-03
+5.4700E-03,-923.9464E-03
+5.4800E-03,-918.8922E-03
+5.4900E-03,-910.7960E-03
+5.5000E-03,-904.6402E-03
+5.5100E-03,-899.0749E-03
+5.5200E-03,-891.8790E-03
+5.5300E-03,-885.0950E-03
+5.5400E-03,-878.9339E-03
+5.5500E-03,-873.3894E-03
+5.5600E-03,-864.5269E-03
+5.5700E-03,-857.9850E-03
+5.5800E-03,-853.4062E-03
+5.5900E-03,-844.4823E-03
+5.6000E-03,-837.0524E-03
+5.6100E-03,-831.6563E-03
+5.6200E-03,-824.4134E-03
+5.6300E-03,-815.8708E-03
+5.6400E-03,-809.4013E-03
+5.6500E-03,-802.2533E-03
+5.6600E-03,-795.2837E-03
+5.6700E-03,-786.9291E-03
+5.6800E-03,-778.7170E-03
+5.6900E-03,-773.4031E-03
+5.7000E-03,-765.6952E-03
+5.7100E-03,-756.1594E-03
+5.7200E-03,-748.3935E-03
+5.7300E-03,-741.7790E-03
+5.7400E-03,-733.9076E-03
+5.7500E-03,-724.6777E-03
+5.7600E-03,-717.3253E-03
+5.7700E-03,-710.0423E-03
+5.7800E-03,-701.8354E-03
+5.7900E-03,-693.6535E-03
+5.8000E-03,-685.0417E-03
+5.8100E-03,-675.7928E-03
+5.8200E-03,-668.0194E-03
+5.8300E-03,-661.2517E-03
+5.8400E-03,-652.6922E-03
+5.8500E-03,-642.9872E-03
+5.8600E-03,-633.0450E-03
+5.8700E-03,-625.8055E-03
+5.8800E-03,-618.4972E-03
+5.8900E-03,-609.0492E-03
+5.9000E-03,-599.4100E-03
+5.9100E-03,-589.9572E-03
+5.9200E-03,-581.5435E-03
+5.9300E-03,-573.7887E-03
+5.9400E-03,-565.1174E-03
+5.9500E-03,-556.0376E-03
+5.9600E-03,-546.5366E-03
+5.9700E-03,-537.5285E-03
+5.9800E-03,-527.2685E-03
+5.9900E-03,-518.4844E-03
+6.0000E-03,-509.9322E-03
+6.0100E-03,-501.7699E-03
+6.0200E-03,-491.9675E-03
+6.0300E-03,-482.5412E-03
+6.0400E-03,-472.6450E-03
+6.0500E-03,-462.7114E-03
+6.0600E-03,-453.0979E-03
+6.0700E-03,-444.9383E-03
+6.0800E-03,-435.1361E-03
+6.0900E-03,-425.7016E-03
+6.1000E-03,-415.8839E-03
+6.1100E-03,-407.4793E-03
+6.1200E-03,-397.8559E-03
+6.1300E-03,-388.9744E-03
+6.1400E-03,-378.0252E-03
+6.1500E-03,-368.1599E-03
+6.1600E-03,-357.4909E-03
+6.1700E-03,-347.0896E-03
+6.1800E-03,-336.8196E-03
+6.1900E-03,-327.3059E-03
+6.2000E-03,-317.2496E-03
+6.2100E-03,-306.9732E-03
+6.2200E-03,-296.9231E-03
+6.2300E-03,-287.3757E-03
+6.2400E-03,-277.5798E-03
+6.2500E-03,-268.0978E-03
+6.2600E-03,-258.5159E-03
+6.2700E-03,-247.3943E-03
+6.2800E-03,-237.2309E-03
+6.2900E-03,-226.1665E-03
+6.3000E-03,-215.8052E-03
+6.3100E-03,-205.4756E-03
+6.3200E-03,-195.5636E-03
+6.3300E-03,-185.1992E-03
+6.3400E-03,-175.0294E-03
+6.3500E-03,-164.7372E-03
+6.3600E-03,-153.1420E-03
+6.3700E-03,-142.7023E-03
+6.3800E-03,-131.7658E-03
+6.3900E-03,-121.2571E-03
+6.4000E-03,-110.9529E-03
+6.4100E-03,-100.9778E-03
+6.4200E-03,-90.5916E-03
+6.4300E-03,-79.5801E-03
+6.4400E-03,-69.0553E-03
+6.4500E-03,-59.1463E-03
+6.4600E-03,-48.3611E-03
+6.4700E-03,-38.1225E-03
+6.4800E-03,-27.1900E-03
+6.4900E-03,-16.2290E-03
+6.5000E-03,-6.2415E-03
+6.5100E-03,+5.1057E-03
+6.5200E-03,+15.8345E-03
+6.5300E-03,+26.9713E-03
+6.5400E-03,+38.1334E-03
+6.5500E-03,+47.8571E-03
+6.5600E-03,+58.4352E-03
+6.5700E-03,+68.6580E-03
+6.5800E-03,+78.6484E-03
+6.5900E-03,+88.7897E-03
+6.6000E-03,+100.3223E-03
+6.6100E-03,+111.0447E-03
+6.6200E-03,+122.6619E-03
+6.6300E-03,+132.8664E-03
+6.6400E-03,+143.8624E-03
+6.6500E-03,+153.4319E-03
+6.6600E-03,+164.0096E-03
+6.6700E-03,+174.6848E-03
+6.6800E-03,+186.2487E-03
+6.6900E-03,+197.2509E-03
+6.7000E-03,+207.1222E-03
+6.7100E-03,+217.8887E-03
+6.7200E-03,+227.8508E-03
+6.7300E-03,+237.9008E-03
+6.7400E-03,+249.2420E-03
+6.7500E-03,+259.7759E-03
+6.7600E-03,+270.2225E-03
+6.7700E-03,+279.3620E-03
+6.7800E-03,+288.9722E-03
+6.7900E-03,+299.0225E-03
+6.8000E-03,+310.2000E-03
+6.8100E-03,+319.9646E-03
+6.8200E-03,+329.8987E-03
+6.8300E-03,+339.2198E-03
+6.8400E-03,+350.1057E-03
+6.8500E-03,+360.0270E-03
+6.8600E-03,+370.8972E-03
+6.8700E-03,+380.0338E-03
+6.8800E-03,+390.2124E-03
+6.8900E-03,+400.0712E-03
+6.9000E-03,+410.4826E-03
+6.9100E-03,+419.2046E-03
+6.9200E-03,+428.6707E-03
+6.9300E-03,+437.5432E-03
+6.9400E-03,+447.5427E-03
+6.9500E-03,+457.6405E-03
+6.9600E-03,+466.8177E-03
+6.9700E-03,+475.8625E-03
+6.9800E-03,+485.9882E-03
+6.9900E-03,+495.1122E-03
+7.0000E-03,+503.1808E-03
+7.0100E-03,+511.7263E-03
+7.0200E-03,+520.8720E-03
+7.0300E-03,+530.0021E-03
+7.0400E-03,+538.1617E-03
+7.0500E-03,+546.8360E-03
+7.0600E-03,+555.6175E-03
+7.0700E-03,+565.5488E-03
+7.0800E-03,+572.9798E-03
+7.0900E-03,+581.4970E-03
+7.1000E-03,+590.0367E-03
+7.1100E-03,+598.6706E-03
+7.1200E-03,+606.5537E-03
+7.1300E-03,+615.6677E-03
+7.1400E-03,+624.1949E-03
+7.1500E-03,+632.0124E-03
+7.1600E-03,+638.6297E-03
+7.1700E-03,+646.5160E-03
+7.1800E-03,+655.1527E-03
+7.1900E-03,+662.4708E-03
+7.2000E-03,+671.0195E-03
+7.2100E-03,+679.1790E-03
+7.2200E-03,+686.0231E-03
+7.2300E-03,+692.6465E-03
+7.2400E-03,+700.7745E-03
+7.2500E-03,+707.6402E-03
+7.2600E-03,+714.3988E-03
+7.2700E-03,+722.0309E-03
+7.2800E-03,+729.5498E-03
+7.2900E-03,+735.6491E-03
+7.3000E-03,+742.0152E-03
+7.3100E-03,+750.0709E-03
+7.3200E-03,+756.5567E-03
+7.3300E-03,+762.2726E-03
+7.3400E-03,+769.5906E-03
+7.3500E-03,+775.5580E-03
+7.3600E-03,+780.7559E-03
+7.3700E-03,+787.6807E-03
+7.3800E-03,+794.7601E-03
+7.3900E-03,+800.4545E-03
+7.4000E-03,+806.5094E-03
+7.4100E-03,+812.3388E-03
+7.4200E-03,+817.5429E-03
+7.4300E-03,+823.0169E-03
+7.4400E-03,+829.6061E-03
+7.4500E-03,+835.2944E-03
+7.4600E-03,+839.6283E-03
+7.4700E-03,+844.8921E-03
+7.4800E-03,+851.0980E-03
+7.4900E-03,+856.5564E-03
+7.5000E-03,+862.0055E-03
+7.5100E-03,+867.0435E-03
+7.5200E-03,+870.6679E-03
+7.5300E-03,+875.0928E-03
+7.5400E-03,+881.2958E-03
+7.5500E-03,+885.4670E-03
+7.5600E-03,+890.2780E-03
+7.5700E-03,+894.6719E-03
+7.5800E-03,+898.4254E-03
+7.5900E-03,+902.3132E-03
+7.6000E-03,+908.3306E-03
+7.6100E-03,+911.4342E-03
+7.6200E-03,+914.8167E-03
+7.6300E-03,+919.3328E-03
+7.6400E-03,+922.5553E-03
+7.6500E-03,+926.3585E-03
+7.6600E-03,+930.4949E-03
+7.6700E-03,+933.8589E-03
+7.6800E-03,+936.6318E-03
+7.6900E-03,+940.9784E-03
+7.7000E-03,+944.4493E-03
+7.7100E-03,+946.5123E-03
+7.7200E-03,+950.0990E-03
+7.7300E-03,+953.1771E-03
+7.7400E-03,+955.2530E-03
+7.7500E-03,+958.4250E-03
+7.7600E-03,+961.7106E-03
+7.7700E-03,+962.9415E-03
+7.7800E-03,+965.6485E-03
+7.7900E-03,+968.9024E-03
+7.8000E-03,+970.5799E-03
+7.8100E-03,+973.9150E-03
+7.8200E-03,+975.0740E-03
+7.8300E-03,+976.2484E-03
+7.8400E-03,+978.3495E-03
+7.8500E-03,+980.6454E-03
+7.8600E-03,+981.2236E-03
+7.8700E-03,+982.8599E-03
+7.8800E-03,+985.2279E-03
+7.8900E-03,+985.4194E-03
+7.9000E-03,+987.4135E-03
+7.9100E-03,+989.3046E-03
+7.9200E-03,+988.9403E-03
+7.9300E-03,+990.7364E-03
+7.9400E-03,+992.2629E-03
+7.9500E-03,+992.4702E-03
+7.9600E-03,+993.8742E-03
+7.9700E-03,+993.5946E-03
+7.9800E-03,+993.2585E-03
+7.9900E-03,+994.5335E-03
+8.0000E-03,+995.8777E-03
+8.0100E-03,+994.5179E-03
+8.0200E-03,+994.7973E-03
+8.0300E-03,+995.2969E-03
+8.0400E-03,+994.7722E-03
+8.0500E-03,+995.2652E-03
+8.0600E-03,+994.2606E-03
+8.0700E-03,+992.5956E-03
+8.0800E-03,+992.9469E-03
+8.0900E-03,+993.1832E-03
+8.1000E-03,+991.4337E-03
+8.1100E-03,+990.9909E-03
+8.1200E-03,+990.6423E-03
+8.1300E-03,+988.7481E-03
+8.1400E-03,+989.1721E-03
+8.1500E-03,+987.4610E-03
+8.1600E-03,+985.1239E-03
+8.1700E-03,+984.6718E-03
+8.1800E-03,+984.3198E-03
+8.1900E-03,+981.6063E-03
+8.2000E-03,+980.3626E-03
+8.2100E-03,+978.2616E-03
+8.2200E-03,+976.2102E-03
+8.2300E-03,+975.4063E-03
+8.2400E-03,+973.4218E-03
+8.2500E-03,+969.0250E-03
+8.2600E-03,+967.4948E-03
+8.2700E-03,+966.4743E-03
+8.2800E-03,+963.5318E-03
+8.2900E-03,+960.6610E-03
+8.3000E-03,+957.5454E-03
+8.3100E-03,+955.1804E-03
+8.3200E-03,+952.5986E-03
+8.3300E-03,+950.6704E-03
+8.3400E-03,+947.1217E-03
+8.3500E-03,+942.4543E-03
+8.3600E-03,+941.0282E-03
+8.3700E-03,+938.4024E-03
+8.3800E-03,+933.7169E-03
+8.3900E-03,+929.8913E-03
+8.4000E-03,+926.9547E-03
+8.4100E-03,+922.9192E-03
+8.4200E-03,+919.2881E-03
+8.4300E-03,+915.9216E-03
+8.4400E-03,+911.5057E-03
+8.4500E-03,+906.5713E-03
+8.4600E-03,+903.8389E-03
+8.4700E-03,+900.4722E-03
+8.4800E-03,+894.4331E-03
+8.4900E-03,+890.9119E-03
+8.5000E-03,+887.2091E-03
+8.5100E-03,+881.5590E-03
+8.5200E-03,+877.6613E-03
+8.5300E-03,+873.3182E-03
+8.5400E-03,+867.4698E-03
+8.5500E-03,+864.0461E-03
+8.5600E-03,+860.1141E-03
+8.5700E-03,+852.8343E-03
+8.5800E-03,+848.0885E-03
+8.5900E-03,+843.7921E-03
+8.6000E-03,+837.4604E-03
+8.6100E-03,+832.9971E-03
+8.6200E-03,+828.0067E-03
+8.6300E-03,+821.4869E-03
+8.6400E-03,+816.2602E-03
+8.6500E-03,+811.1098E-03
+8.6600E-03,+805.9749E-03
+8.6700E-03,+798.8207E-03
+8.6800E-03,+792.7051E-03
+8.6900E-03,+788.0163E-03
+8.7000E-03,+781.9329E-03
+8.7100E-03,+774.8378E-03
+8.7200E-03,+768.9522E-03
+8.7300E-03,+763.0726E-03
+8.7400E-03,+755.7519E-03
+8.7500E-03,+749.3320E-03
+8.7600E-03,+743.9051E-03
+8.7700E-03,+737.1186E-03
+8.7800E-03,+729.4512E-03
+8.7900E-03,+723.6724E-03
+8.8000E-03,+717.4067E-03
+8.8100E-03,+710.5133E-03
+8.8200E-03,+703.3241E-03
+8.8300E-03,+695.2269E-03
+8.8400E-03,+689.6620E-03
+8.8500E-03,+681.8698E-03
+8.8600E-03,+675.3119E-03
+8.8700E-03,+668.3334E-03
+8.8800E-03,+660.1583E-03
+8.8900E-03,+652.0956E-03
+8.9000E-03,+645.5785E-03
+8.9100E-03,+639.2756E-03
+8.9200E-03,+631.2136E-03
+8.9300E-03,+622.4352E-03
+8.9400E-03,+615.5786E-03
+8.9500E-03,+607.7648E-03
+8.9600E-03,+598.9551E-03
+8.9700E-03,+592.1114E-03
+8.9800E-03,+584.4230E-03
+8.9900E-03,+575.1866E-03
+9.0000E-03,+566.3077E-03
+9.0100E-03,+559.5485E-03
+9.0200E-03,+551.8539E-03
+9.0300E-03,+542.7056E-03
+9.0400E-03,+534.2285E-03
+9.0500E-03,+525.9809E-03
+9.0600E-03,+518.0725E-03
+9.0700E-03,+509.3353E-03
+9.0800E-03,+500.4906E-03
+9.0900E-03,+492.9343E-03
+9.1000E-03,+483.3773E-03
+9.1100E-03,+473.5819E-03
+9.1200E-03,+464.7906E-03
+9.1300E-03,+457.7803E-03
+9.1400E-03,+449.1496E-03
+9.1500E-03,+440.0672E-03
+9.1600E-03,+429.7280E-03
+9.1700E-03,+420.7074E-03
+9.1800E-03,+412.5448E-03
+9.1900E-03,+403.4969E-03
+9.2000E-03,+393.6945E-03
+9.2100E-03,+383.9581E-03
+9.2200E-03,+374.7272E-03
+9.2300E-03,+366.7030E-03
+9.2400E-03,+356.6656E-03
+9.2500E-03,+346.3800E-03
+9.2600E-03,+336.1060E-03
+9.2700E-03,+328.1162E-03
+9.2800E-03,+318.4869E-03
+9.2900E-03,+308.8518E-03
+9.3000E-03,+298.1385E-03
+9.3100E-03,+288.6377E-03
+9.3200E-03,+279.5011E-03
+9.3300E-03,+270.4407E-03
+9.3400E-03,+260.3278E-03
+9.3500E-03,+249.2380E-03
+9.3600E-03,+238.1764E-03
+9.3700E-03,+228.9674E-03
+9.3800E-03,+220.1326E-03
+9.3900E-03,+210.0888E-03
+9.4000E-03,+199.5678E-03
+9.4100E-03,+188.6444E-03
+9.4200E-03,+177.2059E-03
+9.4300E-03,+167.4849E-03
+9.4400E-03,+157.9844E-03
+9.4500E-03,+147.9027E-03
+9.4600E-03,+137.4914E-03
+9.4700E-03,+126.5621E-03
+9.4800E-03,+115.9527E-03
+9.4900E-03,+105.3560E-03
+9.5000E-03,+93.8674E-03
+9.5100E-03,+83.8982E-03
+9.5200E-03,+73.8511E-03
+9.5300E-03,+63.7255E-03
+9.5400E-03,+53.1039E-03
+9.5500E-03,+43.2389E-03
+9.5600E-03,+32.0923E-03
+9.5700E-03,+21.2197E-03
+9.5800E-03,+10.6951E-03
+9.5900E-03,-510.9E-06
+9.6000E-03,-11.0637E-03
+9.6100E-03,-22.4234E-03
+9.6200E-03,-33.0894E-03
+9.6300E-03,-44.4341E-03
+9.6400E-03,-55.2130E-03
+9.6500E-03,-66.0265E-03
+9.6600E-03,-76.6642E-03
+9.6700E-03,-87.8355E-03
+9.6800E-03,-97.4777E-03
+9.6900E-03,-107.8700E-03
+9.7000E-03,-119.1516E-03
+9.7100E-03,-130.2666E-03
+9.7200E-03,-141.1148E-03
+9.7300E-03,-152.1608E-03
+9.7400E-03,-163.2407E-03
+9.7500E-03,-173.9567E-03
+9.7600E-03,-185.6560E-03
+9.7700E-03,-196.5603E-03
+9.7800E-03,-208.0175E-03
+9.7900E-03,-218.8937E-03
+9.8000E-03,-229.4372E-03
+9.8100E-03,-240.4607E-03
+9.8200E-03,-252.0188E-03
+9.8300E-03,-262.6565E-03
+9.8400E-03,-273.3033E-03
+9.8500E-03,-283.8651E-03
+9.8600E-03,-294.4741E-03
+9.8700E-03,-305.3661E-03
+9.8800E-03,-314.8322E-03
+9.8900E-03,-325.7431E-03
+9.9000E-03,-336.0167E-03
+9.9100E-03,-346.7330E-03
+9.9200E-03,-357.1979E-03
+9.9300E-03,-368.5293E-03
+9.9400E-03,-379.0479E-03
+9.9500E-03,-389.3304E-03
+9.9600E-03,-400.1717E-03
+9.9700E-03,-410.0049E-03
+9.9800E-03,-420.2187E-03
+9.9900E-03,-429.7354E-03
+10.0000E-03,-439.6604E-03
+10.0100E-03,-451.0607E-03
+10.0200E-03,-461.1710E-03
+10.0300E-03,-472.0319E-03
+10.0400E-03,-482.6724E-03
+10.0500E-03,-493.0202E-03
+10.0600E-03,-502.5524E-03
+10.0700E-03,-511.7987E-03
+10.0800E-03,-521.5163E-03
+10.0900E-03,-531.5917E-03
+10.1000E-03,-541.7010E-03
+10.1100E-03,-550.6082E-03
+10.1200E-03,-559.8891E-03
+10.1300E-03,-568.9026E-03
+10.1400E-03,-579.1985E-03
+10.1500E-03,-589.2052E-03
+10.1600E-03,-599.0382E-03
+10.1700E-03,-608.3400E-03
+10.1800E-03,-615.7907E-03
+10.1900E-03,-624.9358E-03
+10.2000E-03,-635.4834E-03
+10.2100E-03,-645.9295E-03
+10.2200E-03,-654.0623E-03
+10.2300E-03,-661.4094E-03
+10.2400E-03,-670.7502E-03
+10.2500E-03,-681.1795E-03
+10.2600E-03,-688.7110E-03
+10.2700E-03,-697.0971E-03
+10.2800E-03,-705.9135E-03
+10.2900E-03,-714.6342E-03
+10.3000E-03,-722.3858E-03
+10.3100E-03,-730.2603E-03
+10.3200E-03,-739.6634E-03
+10.3300E-03,-748.3251E-03
+10.3400E-03,-755.5956E-03
+10.3500E-03,-764.4715E-03
+10.3600E-03,-772.8033E-03
+10.3700E-03,-779.2553E-03
+10.3800E-03,-789.6952E-03
+10.3900E-03,-795.6106E-03
+10.4000E-03,-802.6782E-03
+10.4100E-03,-811.7617E-03
+10.4200E-03,-819.0562E-03
+10.4300E-03,-826.3436E-03
+10.4400E-03,-834.8108E-03
+10.4500E-03,-840.9946E-03
+10.4600E-03,-849.8363E-03
+10.4700E-03,-856.7193E-03
+10.4800E-03,-862.7947E-03
+10.4900E-03,-871.0133E-03
+10.5000E-03,-877.3953E-03
+10.5100E-03,-884.5846E-03
+10.5200E-03,-890.6642E-03
+10.5300E-03,-897.6445E-03
+10.5400E-03,-905.4538E-03
+10.5500E-03,-910.0901E-03
+10.5600E-03,-918.4664E-03
+10.5700E-03,-924.2952E-03
+10.5800E-03,-929.8072E-03
+10.5900E-03,-936.2362E-03
+10.6000E-03,-942.4555E-03
+10.6100E-03,-949.4800E-03
+10.6200E-03,-952.8703E-03
+10.6300E-03,-961.8780E-03
+10.6400E-03,-965.6259E-03
+10.6500E-03,-972.0252E-03
+10.6600E-03,-978.3338E-03
+10.6700E-03,-983.1556E-03
+10.6800E-03,-988.5131E-03
+10.6900E-03,-993.5353E-03
+10.7000E-03,-999.8984E-03
+10.7100E-03,-1.0034065E+00
+10.7200E-03,-1.0102218E+00
+10.7300E-03,-1.0140816E+00
+10.7400E-03,-1.0197256E+00
+10.7500E-03,-1.0235954E+00
+10.7600E-03,-1.0308820E+00
+10.7700E-03,-1.0330540E+00
+10.7800E-03,-1.0392143E+00
+10.7900E-03,-1.0434404E+00
+10.8000E-03,-1.0475275E+00
+10.8100E-03,-1.0521375E+00
+10.8200E-03,-1.0566919E+00
+10.8300E-03,-1.0598005E+00
+10.8400E-03,-1.0645785E+00
+10.8500E-03,-1.0674384E+00
+10.8600E-03,-1.0721038E+00
+10.8700E-03,-1.0756861E+00
+10.8800E-03,-1.0790883E+00
+10.8900E-03,-1.0832426E+00
+10.9000E-03,-1.0869904E+00
+10.9100E-03,-1.0898979E+00
+10.9200E-03,-1.0933467E+00
+10.9300E-03,-1.0954794E+00
+10.9400E-03,-1.1009324E+00
+10.9500E-03,-1.1007607E+00
+10.9600E-03,-1.1051376E+00
+10.9700E-03,-1.1073005E+00
+10.9800E-03,-1.1108527E+00
+10.9900E-03,-1.1122229E+00
+11.0000E-03,-1.1162445E+00
+11.0100E-03,-1.1160975E+00
+11.0200E-03,-1.1206081E+00
+11.0300E-03,-1.1216572E+00
+11.0400E-03,-1.1252430E+00
+11.0500E-03,-1.1261390E+00
+11.0600E-03,-1.1281736E+00
+11.0700E-03,-1.1308629E+00
+11.0800E-03,-1.1307358E+00
+11.0900E-03,
