x-axis,1,2
second,Volt,Volt
-900.000E-06,-3.561558E-03,-347.833E-06
-895.000E-06,-1.752513E-03,-292.556E-06
-890.000E-06,-2.620858E-03,-312.657E-06
-885.000E-06,-1.752513E-03,-247.330E-06
-880.000E-06,-1.752513E-03,-393.059E-06
-875.000E-06,-3.561551E-03,-372.959E-06
-870.000E-06,-1.752513E-03,-267.430E-06
-865.000E-06,-1.173627E-03,-332.758E-06
-860.000E-06,-1.752513E-03,-312.658E-06
-855.000E-06,-3.561558E-03,-327.732E-06
-850.000E-06,-1.752513E-03,-347.832E-06
-845.000E-06,-1.824888E-03,-247.330E-06
-840.000E-06,-1.752513E-03,-342.810E-06
-835.000E-06,-2.259029E-03,-247.330E-06
-830.000E-06,-1.752513E-03,-372.959E-06
-825.000E-06,-1.752513E-03,-322.706E-06
-820.000E-06,-1.752513E-03,-247.330E-06
-815.000E-06,-1.897256E-03,-478.483E-06
-810.000E-06,-3.416856E-03,-257.379E-06
-805.000E-06,-1.752513E-03,-277.480E-06
-800.000E-06,-3.561558E-03,-297.580E-06
-795.000E-06,-3.561558E-03,-247.330E-06
-790.000E-06,-2.259071E-03,-372.959E-06
-785.000E-06,-3.561558E-03,-372.959E-06
-780.000E-06,-3.561558E-03,-372.959E-06
-775.000E-06,-2.114292E-03,-372.959E-06
-770.000E-06,-2.910332E-03,-327.735E-06
-765.000E-06,-3.561558E-03,-247.330E-06
-760.000E-06,-2.982631E-03,-372.959E-06
-755.000E-06,-3.272077E-03,-372.959E-06
-750.000E-06,-3.561558E-03,-372.959E-06
-745.000E-06,-3.561558E-03,-393.057E-06
-740.000E-06,-3.561558E-03,-372.959E-06
-735.000E-06,-2.620816E-03,-372.959E-06
-730.000E-06,-2.403808E-03,-418.187E-06
-725.000E-06,-2.114362E-03,-272.459E-06
-720.000E-06,-1.824916E-03,-372.959E-06
-715.000E-06,-3.344515E-03,-247.330E-06
-710.000E-06,-3.055069E-03,-337.786E-06
-705.000E-06,-1.752513E-03,-372.959E-06
-700.000E-06,-2.837894E-03,-372.959E-06
-695.000E-06,-3.561558E-03,-342.805E-06
-690.000E-06,-3.561558E-03,-362.905E-06
-685.000E-06,-3.561558E-03,-257.377E-06
-680.000E-06,-3.561558E-03,-372.959E-06
-675.000E-06,-1.752513E-03,-372.959E-06
-670.000E-06,-3.561558E-03,-372.959E-06
-665.000E-06,-3.054971E-03,-372.959E-06
-660.000E-06,-1.752513E-03,-388.038E-06
-655.000E-06,-3.561558E-03,-493.565E-06
-650.000E-06,-3.561558E-03,-272.452E-06
-645.000E-06,-3.561558E-03,-418.181E-06
-640.000E-06,-2.693157E-03,-372.959E-06
-635.000E-06,-1.752513E-03,-458.381E-06
-630.000E-06,-3.561558E-03,-372.959E-06
-625.000E-06,-3.561558E-03,-372.959E-06
-620.000E-06,-1.752513E-03,-247.330E-06
-615.000E-06,-2.982728E-03,-372.959E-06
-610.000E-06,-2.620788E-03,-307.627E-06
-605.000E-06,-2.910235E-03,-372.959E-06
-600.000E-06,-1.752513E-03,-347.828E-06
-595.000E-06,-1.752513E-03,-372.959E-06
-590.000E-06,-3.561558E-03,-468.446E-06
-585.000E-06,-1.752513E-03,-247.330E-06
-580.000E-06,-1.752513E-03,-372.959E-06
-575.000E-06,-3.561558E-03,-423.215E-06
-570.000E-06,-1.752513E-03,-277.486E-06
-565.000E-06,-3.561558E-03,-372.959E-06
-560.000E-06,-1.897159E-03,-614.170E-06
-555.000E-06,-3.561558E-03,-372.959E-06
-550.000E-06,-3.561558E-03,-372.959E-06
-545.000E-06,-3.561558E-03,-317.677E-06
-540.000E-06,-1.752513E-03,-408.140E-06
-535.000E-06,-1.752513E-03,-483.506E-06
-530.000E-06,-1.824791E-03,-493.567E-06
-525.000E-06,-2.114237E-03,-372.959E-06
-520.000E-06,-2.910387E-03,-362.926E-06
-515.000E-06,-2.620941E-03,-372.959E-06
-510.000E-06,-2.982575E-03,-372.959E-06
-505.000E-06,-2.042049E-03,-372.959E-06
-500.000E-06,-1.752513E-03,-372.959E-06
-495.000E-06,-3.272202E-03,-478.493E-06
-490.000E-06,-2.982756E-03,-372.959E-06
-485.000E-06,-3.561558E-03,-372.959E-06
-480.000E-06,-3.561558E-03,-453.354E-06
-475.000E-06,-2.114417E-03,-372.959E-06
-470.000E-06,-3.489099E-03,-493.555E-06
-465.000E-06,-3.561558E-03,-372.959E-06
-460.000E-06,-3.561558E-03,-372.959E-06
-455.000E-06,-3.561558E-03,-372.959E-06
-450.000E-06,-2.837838E-03,-347.847E-06
-445.000E-06,-3.127284E-03,-372.959E-06
-440.000E-06,-3.561558E-03,-372.959E-06
-435.000E-06,-3.561558E-03,-478.501E-06
-430.000E-06,-3.127493E-03,-468.443E-06
-425.000E-06,-3.561558E-03,-372.959E-06
-420.000E-06,-2.548601E-03,-372.959E-06
-415.000E-06,-3.561558E-03,-463.403E-06
-410.000E-06,-3.561558E-03,-372.959E-06
-405.000E-06,-3.561558E-03,-493.569E-06
-400.000E-06,-3.561558E-03,-398.076E-06
-395.000E-06,-2.403655E-03,-372.959E-06
-390.000E-06,-3.561558E-03,-377.968E-06
-385.000E-06,-2.982547E-03,-498.587E-06
-380.000E-06,-3.271994E-03,-478.478E-06
-375.000E-06,-3.561440E-03,-372.959E-06
-370.000E-06,-3.561558E-03,-372.959E-06
-365.000E-06,-1.752513E-03,-458.394E-06
-360.000E-06,-1.752513E-03,-312.665E-06
-355.000E-06,-2.910179E-03,-372.959E-06
-350.000E-06,-1.752513E-03,-272.465E-06
-345.000E-06,-1.752513E-03,-493.553E-06
-340.000E-06,-3.344598E-03,-372.959E-06
-335.000E-06,-3.561558E-03,-408.126E-06
-330.000E-06,-2.548364E-03,-302.598E-06
-325.000E-06,-2.476260E-03,-372.959E-06
-320.000E-06,-1.752513E-03,-372.959E-06
-315.000E-06,-3.416703E-03,-488.527E-06
-310.000E-06,-1.752513E-03,-383.000E-06
-305.000E-06,-3.127521E-03,-403.100E-06
-300.000E-06,-3.561558E-03,-423.200E-06
-295.000E-06,-3.561558E-03,-443.301E-06
-290.000E-06,-1.752513E-03,-282.516E-06
-285.000E-06,-1.969736E-03,-357.874E-06
-280.000E-06,-3.489335E-03,-372.959E-06
-275.000E-06,-1.752513E-03,-398.074E-06
-270.000E-06,-3.561558E-03,-418.175E-06
-265.000E-06,-2.620997E-03,-307.642E-06
-260.000E-06,-3.561558E-03,-372.959E-06
-255.000E-06,-1.752513E-03,-393.069E-06
-250.000E-06,-1.752658E-03,-498.577E-06
-245.000E-06,-3.272258E-03,-372.959E-06
-240.000E-06,-4.213110E-03,-287.521E-06
-235.000E-06,-2.620705E-03,-378.004E-06
-230.000E-06,-3.561558E-03,-372.959E-06
-225.000E-06,-3.561558E-03,-372.959E-06
-220.000E-06,-3.561558E-03,-614.143E-06
-215.000E-06,-3.561558E-03,-388.023E-06
-210.000E-06,-3.561558E-03,-553.885E-06
-205.000E-06,-2.765734E-03,-498.587E-06
-200.000E-06,-3.561558E-03,-423.221E-06
-195.000E-06,-1.752513E-03,-498.587E-06
-190.000E-06,-3.561558E-03,-498.587E-06
-185.000E-06,-5.226040E-03,-382.998E-06
-180.000E-06,-3.561558E-03,-594.075E-06
-175.000E-06,-1.752513E-03,-372.959E-06
-170.000E-06,-4.574459E-03,-372.959E-06
-165.000E-06,-4.863906E-03,-498.587E-06
-160.000E-06,-3.561558E-03,-498.587E-06
-155.000E-06,-3.561558E-03,-493.573E-06
-150.000E-06,-3.561558E-03,-498.587E-06
-145.000E-06,-2.403600E-03,-498.587E-06
-140.000E-06,-2.693046E-03,-438.273E-06
-135.000E-06,-2.331578E-03,-372.959E-06
-130.000E-06,-3.561558E-03,-393.071E-06
-125.000E-06,-3.561558E-03,-372.959E-06
-120.000E-06,-3.561558E-03,-372.959E-06
-115.000E-06,-3.561558E-03,-498.587E-06
-110.000E-06,-3.561558E-03,-433.248E-06
-105.000E-06,-2.910123E-03,-463.436E-06
-100.000E-06,+3.542907154E+00,+2.189569E-03
-95.000E-06,+3.676036393E+00,-247.330E-06
-90.000E-06,+3.676036393E+00,+3.926E-06
-85.000E-06,+3.676036393E+00,+436.112E-06
-80.000E-06,+3.676036393E+00,+953.687E-06
-75.000E-06,+3.676036393E+00,+1.561728E-03
-70.000E-06,+3.676036393E+00,+2.169768E-03
-65.000E-06,+3.676036393E+00,+3.154693E-03
-60.000E-06,+3.676036393E+00,+4.013989E-03
-55.000E-06,+3.676036393E+00,+5.189895E-03
-50.000E-06,+3.676036393E+00,+6.260247E-03
-45.000E-06,+3.676036393E+00,+7.707483E-03
-40.000E-06,+3.676036393E+00,+9.064281E-03
-35.000E-06,+3.676036393E+00,+10.617045E-03
-30.000E-06,+3.676036393E+00,+12.295437E-03
-25.000E-06,+3.676036393E+00,+14.099458E-03
-20.000E-06,+3.676036393E+00,+15.983894E-03
-15.000E-06,+3.676036393E+00,+18.019070E-03
-10.000E-06,+3.676036393E+00,+20.179874E-03
-5.000E-06,+3.676036393E+00,+22.340679E-03
+0.0E+00,+19.955828E-03,+23.370956E-03
+5.000E-06,+13.009094E-03,+26.787916E-03
+10.000E-06,+7.871404E-03,+29.159789E-03
+15.000E-06,+6.351805E-03,+31.421068E-03
+20.000E-06,+3.674623E-03,+33.853229E-03
+25.000E-06,+3.312607E-03,+35.933646E-03
+30.000E-06,+1.865578E-03,+38.340667E-03
+35.000E-06,+56.533E-06,+40.395943E-03
+40.000E-06,-1.752513E-03,+42.667315E-03
+45.000E-06,-739.236E-06,+44.757753E-03
+50.000E-06,-1.752513E-03,+46.988924E-03
+55.000E-06,-1.752513E-03,+48.898472E-03
+60.000E-06,-1.752513E-03,+51.049211E-03
+65.000E-06,-1.897020E-03,+53.094453E-03
+70.000E-06,-3.561558E-03,+55.129629E-03
+75.000E-06,-2.838158E-03,+57.089413E-03
+80.000E-06,-1.752513E-03,+59.089398E-03
+85.000E-06,-2.259266E-03,+61.074338E-03
+90.000E-06,-1.752513E-03,+62.988896E-03
+95.000E-06,-1.824652E-03,+64.933635E-03
+100.000E-06,-3.199972E-03,+66.762766E-03
+105.000E-06,-2.403544E-03,+68.667304E-03
+110.000E-06,-3.561558E-03,+70.345696E-03
+115.000E-06,-2.331634E-03,+72.149717E-03
+120.000E-06,-3.271882E-03,+73.953737E-03
+125.000E-06,-3.561558E-03,+75.757758E-03
+130.000E-06,-3.561558E-03,+77.456234E-03
+135.000E-06,-2.331176E-03,+79.325613E-03
+140.000E-06,-3.561558E-03,+80.853220E-03
+145.000E-06,-4.213048E-03,+82.551712E-03
+150.000E-06,-3.561558E-03,+84.250205E-03
+155.000E-06,-3.561558E-03,+85.828111E-03
+160.000E-06,-3.344709E-03,+87.536621E-03
+165.000E-06,-3.561558E-03,+89.024108E-03
+170.000E-06,-3.561558E-03,+90.596923E-03
+175.000E-06,-3.561558E-03,+92.240156E-03
+180.000E-06,-3.561558E-03,+93.813020E-03
+185.000E-06,-5.370603E-03,+95.375818E-03
+190.000E-06,-2.041472E-03,+96.833121E-03
+195.000E-06,-3.561558E-03,+98.405986E-03
+200.000E-06,-3.561558E-03,+99.853222E-03
+205.000E-06,-3.561558E-03,+101.300459E-03
+210.000E-06,-1.752513E-03,+102.622067E-03
+215.000E-06,-1.752513E-03,+104.099489E-03
+220.000E-06,-3.561558E-03,+105.516540E-03
+225.000E-06,-3.561558E-03,+106.838148E-03
+230.000E-06,-2.910554E-03,+108.204965E-03
+235.000E-06,-3.561558E-03,+109.481364E-03
+240.000E-06,-3.561558E-03,+110.848163E-03
+245.000E-06,-3.561558E-03,+112.144699E-03
+250.000E-06,-3.561301E-03,+113.320579E-03
+255.000E-06,-1.752513E-03,+114.787880E-03
+260.000E-06,-1.752513E-03,+115.963778E-03
+265.000E-06,-2.620594E-03,+117.280325E-03
+270.000E-06,-2.404030E-03,+118.436122E-03
+275.000E-06,-3.199486E-03,+119.652202E-03
+280.000E-06,-1.825138E-03,+120.873326E-03
+285.000E-06,-1.752513E-03,+122.069306E-03
+290.000E-06,-1.752513E-03,+123.230129E-03
+295.000E-06,-2.765845E-03,+124.320526E-03
+300.000E-06,-1.752513E-03,+125.556707E-03
+305.000E-06,-3.127118E-03,+126.601971E-03
+310.000E-06,-1.897507E-03,+127.662254E-03
+315.000E-06,-3.561558E-03,+128.637109E-03
+320.000E-06,-1.752513E-03,+129.843158E-03
+325.000E-06,-1.752513E-03,+130.858215E-03
+330.000E-06,-2.548767E-03,+131.898435E-03
+335.000E-06,-3.561558E-03,+132.898454E-03
+340.000E-06,-3.561558E-03,+133.953712E-03
+345.000E-06,-1.824596E-03,+135.039158E-03
+350.000E-06,-3.561558E-03,+135.908466E-03
+355.000E-06,-1.752513E-03,+136.893391E-03
+360.000E-06,-1.752513E-03,+137.747702E-03
+365.000E-06,-2.982381E-03,+138.737612E-03
+370.000E-06,-3.271827E-03,+139.848165E-03
+375.000E-06,-3.561273E-03,+140.581853E-03
+380.000E-06,-1.752513E-03,+141.441130E-03
+385.000E-06,-3.561558E-03,+142.260246E-03
+390.000E-06,-4.502549E-03,+143.164788E-03
+395.000E-06,-2.910012E-03,+143.938638E-03
+400.000E-06,-5.008504E-03,+144.777834E-03
+405.000E-06,-1.825166E-03,+145.742658E-03
+410.000E-06,-3.561558E-03,+146.581854E-03
+415.000E-06,-3.055319E-03,+147.385895E-03
+420.000E-06,-2.548198E-03,+148.119502E-03
+425.000E-06,-3.561558E-03,+148.973815E-03
+430.000E-06,-3.561558E-03,+149.657211E-03
+435.000E-06,-3.561558E-03,+150.516508E-03
+440.000E-06,-1.896937E-03,+151.240147E-03
+445.000E-06,-2.186383E-03,+151.858216E-03
+450.000E-06,-4.284874E-03,+152.541655E-03
+455.000E-06,-3.561558E-03,+153.310520E-03
+460.000E-06,-4.068394E-03,+153.968791E-03
+465.000E-06,-3.561558E-03,+154.682359E-03
+470.000E-06,-3.633614E-03,+155.521555E-03
+475.000E-06,-3.561558E-03,+156.109494E-03
+480.000E-06,-4.212506E-03,+156.617011E-03
+485.000E-06,-4.501952E-03,+157.350679E-03
+490.000E-06,-3.561558E-03,+157.998942E-03
+495.000E-06,-3.561558E-03,+158.692388E-03
+500.000E-06,-5.370290E-03,+159.174800E-03
+505.000E-06,-3.561558E-03,+159.782840E-03
+510.000E-06,-4.140137E-03,+160.390881E-03
+515.000E-06,-3.561558E-03,+160.998921E-03
+520.000E-06,-3.561558E-03,+161.606961E-03
+525.000E-06,-5.008476E-03,+162.014041E-03
+530.000E-06,-3.561558E-03,+162.697414E-03
+535.000E-06,-3.561558E-03,+163.290401E-03
+540.000E-06,-3.561558E-03,+163.732545E-03
+545.000E-06,-2.548170E-03,+164.144650E-03
+550.000E-06,-2.476454E-03,+164.702417E-03
+555.000E-06,-3.561558E-03,+165.235102E-03
+560.000E-06,-3.561558E-03,+165.591886E-03
+565.000E-06,-1.896909E-03,+166.064271E-03
+570.000E-06,-3.127715E-03,+166.682339E-03
+575.000E-06,-3.561558E-03,+167.013951E-03
+580.000E-06,-2.548823E-03,+167.466236E-03
+585.000E-06,-3.561558E-03,+167.878319E-03
+590.000E-06,-1.969931E-03,+168.360731E-03
+595.000E-06,-1.752513E-03,+168.717515E-03
+600.000E-06,-3.561558E-03,+169.174825E-03
+605.000E-06,-2.403433E-03,+169.521489E-03
+610.000E-06,-1.752513E-03,+170.104427E-03
+615.000E-06,-4.140790E-03,+170.395907E-03
+620.000E-06,-3.851344E-03,+170.752691E-03
+625.000E-06,-3.561217E-03,+171.109475E-03
+630.000E-06,-5.081497E-03,+171.486336E-03
+635.000E-06,-4.792051E-03,+171.863221E-03
+640.000E-06,-3.561558E-03,+171.988849E-03
+645.000E-06,-5.370603E-03,+172.456233E-03
+650.000E-06,-3.561558E-03,+172.767767E-03
+655.000E-06,-3.634267E-03,+173.119502E-03
+660.000E-06,-3.561558E-03,+173.370758E-03
+665.000E-06,-3.055374E-03,+173.802968E-03
+670.000E-06,-3.561558E-03,+173.943647E-03
+675.000E-06,-3.561558E-03,+174.375783E-03
+680.000E-06,-4.936079E-03,+174.531587E-03
+685.000E-06,-1.897590E-03,+174.888371E-03
+690.000E-06,-1.896881E-03,+175.235129E-03
+695.000E-06,-2.186327E-03,+175.380808E-03
+700.000E-06,-3.561558E-03,+175.682291E-03
+705.000E-06,-3.777927E-03,+175.938622E-03
+710.000E-06,-2.259404E-03,+176.169778E-03
+715.000E-06,-3.344112E-03,+176.400934E-03
+720.000E-06,-15.468E-06,+176.516462E-03
+725.000E-06,-2.113959E-03,+176.888346E-03
+730.000E-06,-2.910665E-03,+177.049201E-03
+735.000E-06,-1.752513E-03,+177.199929E-03
+740.000E-06,-1.752513E-03,+177.516487E-03
+745.000E-06,-3.271743E-03,+177.767743E-03
+750.000E-06,-1.752513E-03,+177.893346E-03
+755.000E-06,-1.752513E-03,+178.018999E-03
+760.000E-06,-2.331037E-03,+178.270256E-03
+765.000E-06,-1.752513E-03,+178.400960E-03
+770.000E-06,-1.752513E-03,+178.521512E-03
+775.000E-06,-1.752513E-03,+178.672292E-03
+780.000E-06,-1.679776E-03,+178.777819E-03
+785.000E-06,-1.535803E-03,+178.787817E-03
+790.000E-06,-3.561558E-03,+179.114503E-03
+795.000E-06,-1.752513E-03,+179.149653E-03
+800.000E-06,-667.465E-06,+179.451186E-03
+805.000E-06,-378.019E-06,+179.431086E-03
+810.000E-06,-1.752513E-03,+179.536614E-03
+815.000E-06,-1.896854E-03,+179.757746E-03
+820.000E-06,-1.752513E-03,+179.777793E-03
+825.000E-06,-1.752513E-03,+179.752614E-03
+830.000E-06,-1.752513E-03,+180.029050E-03
+835.000E-06,-3.054638E-03,+180.029050E-03
+840.000E-06,-3.344084E-03,+180.154678E-03
+845.000E-06,-3.489585E-03,+180.270310E-03
+850.000E-06,-3.561558E-03,+180.154678E-03
+855.000E-06,-1.752513E-03,+180.360735E-03
+860.000E-06,-1.752513E-03,+180.280306E-03
+865.000E-06,-2.331801E-03,+180.405934E-03
+870.000E-06,-2.042355E-03,+180.405934E-03
+875.000E-06,-3.561558E-03,+180.405934E-03
+880.000E-06,-2.041563E-03,+180.531562E-03
+885.000E-06,-2.983061E-03,+180.531562E-03
+890.000E-06,-1.752513E-03,+180.471288E-03
+895.000E-06,-3.561558E-03,+180.611936E-03
+900.000E-06,-2.114723E-03,+180.506409E-03
+905.000E-06,-3.488793E-03,+180.652137E-03
+910.000E-06,-3.344876E-03,+180.657190E-03
+915.000E-06,-3.055430E-03,+180.782818E-03
+920.000E-06,-1.752513E-03,+180.657190E-03
+925.000E-06,-1.752513E-03,+180.657190E-03
+930.000E-06,-2.187092E-03,+180.561741E-03
+935.000E-06,-1.752513E-03,+180.647112E-03
+940.000E-06,-1.752513E-03,+180.541584E-03
+945.000E-06,-2.186272E-03,+180.531562E-03
+950.000E-06,-2.475718E-03,+180.531562E-03
+955.000E-06,-3.561558E-03,+180.405934E-03
+960.000E-06,-3.561558E-03,+180.496357E-03
+965.000E-06,-3.561558E-03,+180.516458E-03
+970.000E-06,-3.561558E-03,+180.526566E-03
+975.000E-06,-3.561558E-03,+180.255209E-03
+980.000E-06,-1.752513E-03,+180.199875E-03
+985.000E-06,-1.752513E-03,+180.154678E-03
+990.000E-06,-3.561558E-03,+180.069280E-03
+995.000E-06,-1.752513E-03,+180.029050E-03
+1.000000E-03,-1.752513E-03,+179.903451E-03
+1.005000E-03,-3.272535E-03,+179.903421E-03
+1.010000E-03,-2.330981E-03,+179.817965E-03
+1.015000E-03,-2.693643E-03,+179.712437E-03
+1.020000E-03,-2.404197E-03,+179.571793E-03
+1.025000E-03,-1.752513E-03,+179.526537E-03
+1.030000E-03,-1.752513E-03,+179.642055E-03
+1.035000E-03,-3.344904E-03,+179.511492E-03
+1.040000E-03,-2.258613E-03,+179.310427E-03
+1.045000E-03,-1.752513E-03,+179.079271E-03
+1.050000E-03,-1.752513E-03,+179.024024E-03
+1.055000E-03,-1.752513E-03,+178.963662E-03
+1.060000E-03,-1.752513E-03,+178.772768E-03
+1.065000E-03,-1.896798E-03,+178.647140E-03
+1.070000E-03,-2.186244E-03,+178.551632E-03
+1.075000E-03,-1.752513E-03,+178.446104E-03
+1.080000E-03,-1.752513E-03,+178.410898E-03
+1.085000E-03,-2.259488E-03,+178.144627E-03
+1.090000E-03,-1.752513E-03,+178.129521E-03
+1.095000E-03,-3.561558E-03,+177.898365E-03
+1.100000E-03,-3.200195E-03,+177.767743E-03
+1.105000E-03,-2.403322E-03,+177.642115E-03
+1.110000E-03,-2.692768E-03,+177.456154E-03
+1.115000E-03,-3.561558E-03,+177.390859E-03
+1.120000E-03,-3.271660E-03,+177.139602E-03
+1.125000E-03,-3.561106E-03,+177.013912E-03
+1.130000E-03,-3.561558E-03,+176.888346E-03
+1.135000E-03,-3.561558E-03,+176.637090E-03
+1.140000E-03,-2.620399E-03,+176.571732E-03
+1.145000E-03,-3.561558E-03,+176.340576E-03
+1.150000E-03,-3.561558E-03,+176.134577E-03
+1.155000E-03,-1.825333E-03,+175.893435E-03
+1.160000E-03,-3.344932E-03,+175.772736E-03
+1.165000E-03,-1.752513E-03,+175.667209E-03
+1.170000E-03,-2.766039E-03,+175.506437E-03
+1.175000E-03,-2.476593E-03,+175.456153E-03
+1.180000E-03,-1.752513E-03,+175.129552E-03
+1.185000E-03,-1.897701E-03,+175.119470E-03
+1.190000E-03,-3.417300E-03,+174.868278E-03
+1.195000E-03,-1.752513E-03,+174.627040E-03
+1.200000E-03,-2.475662E-03,+174.300374E-03
+1.205000E-03,-1.752513E-03,+174.194846E-03
+1.210000E-03,-3.054555E-03,+173.998899E-03
+1.215000E-03,-3.344001E-03,+173.858163E-03
+1.220000E-03,-5.298714E-03,+173.747643E-03
+1.225000E-03,-1.752513E-03,+173.345665E-03
+1.230000E-03,-1.752513E-03,+173.164695E-03
+1.235000E-03,-2.621330E-03,+172.868246E-03
+1.240000E-03,-3.561558E-03,+172.742617E-03
+1.245000E-03,-3.561558E-03,+172.511495E-03
+1.250000E-03,-1.752992E-03,+172.365733E-03
+1.255000E-03,-3.272591E-03,+172.114477E-03
+1.260000E-03,-2.330925E-03,+171.863221E-03
+1.265000E-03,-3.561558E-03,+171.737592E-03
+1.270000E-03,-2.909818E-03,+171.441076E-03
+1.275000E-03,-3.561558E-03,+171.235080E-03
+1.280000E-03,-3.488710E-03,+170.858195E-03
+1.285000E-03,-1.752513E-03,+170.983824E-03
+1.290000E-03,-1.752513E-03,+170.516453E-03
+1.295000E-03,-3.561558E-03,+170.355683E-03
+1.300000E-03,-2.837449E-03,+170.154712E-03
+1.305000E-03,-1.752513E-03,+169.853170E-03
+1.310000E-03,-1.752513E-03,+169.717458E-03
+1.315000E-03,-1.752513E-03,+169.360674E-03
+1.320000E-03,-1.752513E-03,+169.099401E-03
+1.325000E-03,-3.561558E-03,+168.973773E-03
+1.330000E-03,-2.765081E-03,+168.611895E-03
+1.335000E-03,-1.752513E-03,+168.436050E-03
+1.340000E-03,-1.752513E-03,+168.220004E-03
+1.345000E-03,-3.489696E-03,+167.963758E-03
+1.350000E-03,-3.561558E-03,+167.616955E-03
+1.355000E-03,-2.403266E-03,+167.340608E-03
+1.360000E-03,-1.752513E-03,+167.089351E-03
+1.365000E-03,-1.752513E-03,+166.712467E-03
+1.370000E-03,-1.462559E-03,+166.692331E-03
+1.375000E-03,-1.752513E-03,+166.335582E-03
+1.380000E-03,-2.041452E-03,+166.084326E-03
+1.385000E-03,-2.983173E-03,+165.918532E-03
+1.390000E-03,-2.620344E-03,+165.642080E-03
+1.395000E-03,-2.909790E-03,+165.285296E-03
+1.400000E-03,-1.752513E-03,+165.028979E-03
+1.405000E-03,-1.752513E-03,+164.822984E-03
+1.410000E-03,-1.752513E-03,+164.466200E-03
+1.415000E-03,-1.752513E-03,+164.235044E-03
+1.420000E-03,-1.752513E-03,+164.003888E-03
+1.425000E-03,-3.561558E-03,+163.622051E-03
+1.430000E-03,-1.752513E-03,+163.290320E-03
+1.435000E-03,-1.897757E-03,+163.059164E-03
+1.440000E-03,-1.896715E-03,+162.828009E-03
+1.445000E-03,-2.186161E-03,+162.662252E-03
+1.450000E-03,-1.752513E-03,+162.390895E-03
+1.455000E-03,-1.752513E-03,+162.008913E-03
+1.460000E-03,-1.752513E-03,+161.777757E-03
+1.465000E-03,-1.752513E-03,+161.546601E-03
+1.470000E-03,-1.752513E-03,+161.189817E-03
+1.475000E-03,-1.752513E-03,+160.933572E-03
+1.480000E-03,-2.910832E-03,+160.692256E-03
+1.485000E-03,-2.621386E-03,+160.305432E-03
+1.490000E-03,-2.331940E-03,+160.013937E-03
+1.495000E-03,-233.448E-06,+159.677291E-03
+1.500000E-03,-1.752513E-03,+159.425998E-03
+1.505000E-03,-1.752513E-03,+158.963649E-03
+1.510000E-03,-1.752513E-03,+158.838058E-03
+1.515000E-03,-1.752513E-03,+158.606902E-03
+1.520000E-03,-1.752513E-03,+158.295381E-03
+1.525000E-03,-305.817E-06,+157.943660E-03
+1.530000E-03,-1.752513E-03,+157.782743E-03
+1.535000E-03,-160.010E-06,+157.431022E-03
+1.540000E-03,-1.246524E-03,+157.164728E-03
+1.545000E-03,+56.533E-06,+156.913472E-03
+1.550000E-03,-1.028348E-03,+156.536588E-03
+1.555000E-03,-1.317795E-03,+156.129514E-03
+1.560000E-03,-88.739E-06,+155.908447E-03
+1.565000E-03,-87.642E-06,+155.657191E-03
+1.570000E-03,-1.752513E-03,+155.310419E-03
+1.575000E-03,-1.752513E-03,+155.079263E-03
+1.580000E-03,-2.765025E-03,+154.792792E-03
+1.585000E-03,-1.752513E-03,+154.491323E-03
+1.590000E-03,-1.970153E-03,+154.008911E-03
+1.595000E-03,-3.489752E-03,+153.898397E-03
+1.600000E-03,-3.561558E-03,+153.521512E-03
+1.605000E-03,-1.752513E-03,+153.189815E-03
+1.610000E-03,-2.621414E-03,+152.893371E-03
+1.615000E-03,-2.982103E-03,+152.476247E-03
+1.620000E-03,-3.271549E-03,+152.265231E-03
+1.625000E-03,-3.560995E-03,+151.888346E-03
+1.630000E-03,-3.272674E-03,+151.617029E-03
+1.635000E-03,-1.752513E-03,+151.300367E-03
+1.640000E-03,-2.693782E-03,+151.008949E-03
+1.645000E-03,-1.752513E-03,+150.632065E-03
+1.650000E-03,-1.752513E-03,+150.255181E-03
+1.655000E-03,-3.488627E-03,+150.003924E-03
+1.660000E-03,-1.752513E-03,+149.767704E-03
+1.665000E-03,-3.055597E-03,+149.501412E-03
+1.670000E-03,-3.561558E-03,+148.983744E-03
+1.675000E-03,-2.476704E-03,+148.822980E-03
+1.680000E-03,-1.752513E-03,+148.275321E-03
+1.685000E-03,-3.561558E-03,+148.224950E-03
+1.690000E-03,-3.417411E-03,+147.878256E-03
+1.695000E-03,-377.060E-06,+147.616990E-03
+1.700000E-03,-1.752513E-03,+147.164688E-03
+1.705000E-03,-1.752513E-03,+146.863221E-03
+1.710000E-03,-1.752513E-03,+146.521553E-03
+1.715000E-03,-3.561558E-03,+146.330477E-03
+1.720000E-03,-3.561558E-03,+145.983824E-03
+1.725000E-03,-3.561558E-03,+145.757653E-03
+1.730000E-03,-3.561558E-03,+145.355683E-03
+1.735000E-03,-1.752513E-03,+144.918456E-03
+1.740000E-03,-2.331995E-03,+144.601914E-03
+1.745000E-03,-3.271521E-03,+144.350658E-03
+1.750000E-03,-3.561558E-03,+143.973733E-03
+1.755000E-03,-3.561558E-03,+143.616949E-03
+1.760000E-03,-3.561558E-03,+143.385793E-03
+1.765000E-03,-2.620260E-03,+143.220005E-03
+1.770000E-03,-1.752513E-03,+142.762760E-03
+1.775000E-03,-1.752513E-03,+142.415902E-03
+1.780000E-03,-1.825471E-03,+142.089351E-03
+1.785000E-03,-1.752513E-03,+141.727501E-03
+1.790000E-03,-3.055624E-03,+141.461211E-03
+1.795000E-03,-1.752513E-03,+141.209955E-03
+1.800000E-03,-2.476732E-03,+140.782777E-03
+1.805000E-03,-1.752513E-03,+140.425993E-03
+1.810000E-03,-1.752513E-03,+140.079301E-03
+1.815000E-03,-1.608394E-03,+139.818037E-03
+1.820000E-03,-1.752513E-03,+139.385750E-03
+1.825000E-03,-1.752513E-03,+139.199904E-03
+1.830000E-03,-2.549101E-03,+138.893329E-03
+1.835000E-03,-3.054416E-03,+138.536545E-03
+1.840000E-03,-1.752513E-03,+138.275154E-03
+1.845000E-03,-1.752513E-03,+137.822977E-03
+1.850000E-03,-1.752513E-03,+137.692367E-03
+1.855000E-03,-1.752513E-03,+137.189854E-03
+1.860000E-03,-1.752513E-03,+136.812970E-03
+1.865000E-03,-1.752513E-03,+136.561713E-03
+1.870000E-03,-1.462448E-03,+136.290314E-03
+1.875000E-03,-1.752513E-03,+135.933530E-03
+1.880000E-03,-1.752513E-03,+135.576746E-03
+1.885000E-03,-1.174239E-03,+135.260120E-03
+1.890000E-03,-1.752513E-03,+135.049064E-03
+1.895000E-03,-2.404392E-03,+134.632022E-03
+1.900000E-03,-1.752513E-03,+134.174779E-03
+1.905000E-03,-1.752513E-03,+133.918454E-03
+1.910000E-03,-159.927E-06,+133.576702E-03
+1.915000E-03,-1.752513E-03,+133.330514E-03
+1.920000E-03,-1.534171E-03,+132.973730E-03
+1.925000E-03,-2.837310E-03,+132.692279E-03
+1.930000E-03,-1.752513E-03,+132.194923E-03
+1.935000E-03,-1.752513E-03,+132.039100E-03
+1.940000E-03,-1.752513E-03,+131.672222E-03
+1.945000E-03,-1.752513E-03,+131.410960E-03
+1.950000E-03,-3.561558E-03,+131.008861E-03
+1.955000E-03,-955.897E-06,+130.782819E-03
+1.960000E-03,-1.752513E-03,+130.461122E-03
+1.965000E-03,-1.752513E-03,+130.139559E-03
+1.970000E-03,-3.561558E-03,+129.777794E-03
+1.975000E-03,-1.752513E-03,+129.400909E-03
+1.980000E-03,-1.752513E-03,+129.230100E-03
+1.985000E-03,-3.561558E-03,+128.898397E-03
+1.990000E-03,-1.752513E-03,+128.606895E-03
+1.995000E-03,-3.271466E-03,+128.124483E-03
+2.000000E-03,-1.753159E-03,+127.767744E-03
+2.005000E-03,-2.041313E-03,+127.516487E-03
+2.010000E-03,-2.330759E-03,+127.139603E-03
+2.015000E-03,-2.693865E-03,+126.828090E-03
+2.020000E-03,-1.752513E-03,+126.511462E-03
+2.025000E-03,-1.752513E-03,+126.209864E-03
+2.030000E-03,-3.561558E-03,+125.883322E-03
+2.035000E-03,-1.968944E-03,+125.632065E-03
+2.040000E-03,-2.258390E-03,+125.255181E-03
+2.045000E-03,-2.547836E-03,+125.059155E-03
+2.050000E-03,-1.752513E-03,+124.627040E-03
+2.055000E-03,-3.126729E-03,+124.345587E-03
+2.060000E-03,-1.752513E-03,+123.863175E-03
+2.065000E-03,-1.752513E-03,+123.747643E-03
+2.070000E-03,-3.561558E-03,+123.275235E-03
+2.075000E-03,-2.475468E-03,+122.993874E-03
+2.080000E-03,-2.764914E-03,+122.742618E-03
+2.085000E-03,-1.752513E-03,+122.365734E-03
+2.090000E-03,-1.752513E-03,+122.099356E-03
+2.095000E-03,-1.752513E-03,+121.742572E-03
+2.100000E-03,-3.200417E-03,+121.385788E-03
+2.105000E-03,-594.054E-06,+121.109452E-03
+2.110000E-03,-1.752513E-03,+120.792916E-03
+2.115000E-03,-1.752513E-03,+120.566692E-03
+2.120000E-03,-233.587E-06,+120.124574E-03
+2.125000E-03,-1.752513E-03,+119.853171E-03
+2.130000E-03,-3.561558E-03,+119.516394E-03
+2.135000E-03,-1.752513E-03,+119.350658E-03
+2.140000E-03,-1.752513E-03,+118.843027E-03
+2.145000E-03,-1.752513E-03,+118.677244E-03
+2.150000E-03,-2.115001E-03,+118.345633E-03
+2.155000E-03,-1.752513E-03,+118.204788E-03
+2.160000E-03,-1.752513E-03,+117.717492E-03
+2.165000E-03,-2.258362E-03,+117.375737E-03
+2.170000E-03,-3.561558E-03,+117.089352E-03
+2.175000E-03,-1.752513E-03,+116.787797E-03
+2.180000E-03,-2.187369E-03,+116.431013E-03
+2.185000E-03,-3.416147E-03,+116.199857E-03
+2.190000E-03,-1.896548E-03,+115.601819E-03
+2.195000E-03,-2.185994E-03,+115.456186E-03
+2.200000E-03,-3.561558E-03,+115.179708E-03
+2.205000E-03,-3.561558E-03,+114.883370E-03
+2.210000E-03,-2.259738E-03,+114.576789E-03
+2.215000E-03,-1.970292E-03,+114.310409E-03
+2.220000E-03,-3.561558E-03,+113.948648E-03
+2.225000E-03,-2.113626E-03,+113.596841E-03
+2.230000E-03,-1.752513E-03,+113.240057E-03
+2.235000E-03,-3.561558E-03,+113.069251E-03
+2.240000E-03,-2.981964E-03,+112.652117E-03
+2.245000E-03,-2.042660E-03,+112.526440E-03
+2.250000E-03,-1.753214E-03,+112.064177E-03
+2.255000E-03,-3.561558E-03,+111.833022E-03
+2.260000E-03,-2.330703E-03,+111.561714E-03
+2.265000E-03,-3.561558E-03,+111.250205E-03
+2.270000E-03,-3.561558E-03,+110.933573E-03
+2.275000E-03,-3.199042E-03,+110.657142E-03
+2.280000E-03,-3.488488E-03,+110.305432E-03
+2.285000E-03,-3.345182E-03,+110.054176E-03
+2.290000E-03,-3.561558E-03,+109.712418E-03
+2.295000E-03,-3.561558E-03,+109.355634E-03
+2.300000E-03,-2.476843E-03,+108.998850E-03
+2.305000E-03,-2.187397E-03,+108.797895E-03
+2.310000E-03,-3.561558E-03,+108.410910E-03
+2.315000E-03,-1.752513E-03,+108.169754E-03
+2.320000E-03,-1.752513E-03,+107.888397E-03
+2.325000E-03,-1.752513E-03,+107.591815E-03
+2.330000E-03,-2.549212E-03,+107.290357E-03
+2.335000E-03,-1.752513E-03,+106.823070E-03
+2.340000E-03,-1.752513E-03,+106.647091E-03
+2.345000E-03,-1.752513E-03,+106.410960E-03
+2.350000E-03,-1.752513E-03,+106.059151E-03
+2.355000E-03,-2.911026E-03,+105.863272E-03
+2.360000E-03,-2.621580E-03,+105.471211E-03
+2.365000E-03,-2.332134E-03,+105.109553E-03
+2.370000E-03,-2.042688E-03,+104.883271E-03
+2.375000E-03,-3.560828E-03,+104.652115E-03
+2.380000E-03,-1.752513E-03,+104.295331E-03
+2.385000E-03,-3.561558E-03,+103.938547E-03
+2.390000E-03,-1.752513E-03,+103.647141E-03
+2.395000E-03,-3.561558E-03,+103.350607E-03
+2.400000E-03,-3.561558E-03,+103.094275E-03
+2.405000E-03,-3.488460E-03,+102.762668E-03
+2.410000E-03,-1.968861E-03,+102.420908E-03
+2.415000E-03,-3.055763E-03,+102.084224E-03
+2.420000E-03,-2.766317E-03,+101.943572E-03
+2.425000E-03,-2.476871E-03,+101.637091E-03
+2.430000E-03,-3.561558E-03,+101.385834E-03
+2.435000E-03,-1.897979E-03,+101.008950E-03
+2.440000E-03,-1.752513E-03,+100.883322E-03
+2.445000E-03,-3.561558E-03,+100.441007E-03
+2.450000E-03,-2.475385E-03,+100.129553E-03
+2.455000E-03,-1.752513E-03,+100.003925E-03
+2.460000E-03,-3.054277E-03,+99.591813E-03
+2.465000E-03,-1.752513E-03,+99.456030E-03
+2.470000E-03,-1.824124E-03,+98.883218E-03
+2.475000E-03,-2.113570E-03,+98.747643E-03
+2.480000E-03,-1.752513E-03,+98.586735E-03
+2.485000E-03,-2.621608E-03,+98.179857E-03
+2.490000E-03,-3.561558E-03,+97.908500E-03
+2.495000E-03,-2.042716E-03,+97.616990E-03
+2.500000E-03,-3.560801E-03,+97.365734E-03
+2.505000E-03,-1.752513E-03,+96.988849E-03
+2.510000E-03,-1.752513E-03,+96.737593E-03
+2.515000E-03,-1.752513E-03,+96.420957E-03
+2.520000E-03,-1.752513E-03,+96.109452E-03
+2.525000E-03,-1.752513E-03,+95.983824E-03
+2.530000E-03,-3.488432E-03,+95.601862E-03
+2.535000E-03,-1.968833E-03,+95.370706E-03
+2.540000E-03,-1.752513E-03,+95.049045E-03
+2.545000E-03,-2.547725E-03,+94.727543E-03
+2.550000E-03,-2.476899E-03,+94.476287E-03
+2.555000E-03,-2.187453E-03,+94.225030E-03
+2.560000E-03,-5.225109E-03,+94.184615E-03
+2.565000E-03,-3.417606E-03,+93.722518E-03
+2.570000E-03,-3.128160E-03,+93.471262E-03
+2.575000E-03,-3.561558E-03,+93.119342E-03
+2.580000E-03,-2.549267E-03,+92.913419E-03
+2.585000E-03,-2.259821E-03,+92.591865E-03
+2.590000E-03,-3.779420E-03,+92.310350E-03
+2.595000E-03,-3.633141E-03,+92.094323E-03
+2.600000E-03,-3.200528E-03,+91.737539E-03
+2.605000E-03,-3.561558E-03,+91.551555E-03
+2.610000E-03,-3.561558E-03,+91.275227E-03
+2.615000E-03,-2.981881E-03,+91.044072E-03
+2.620000E-03,-1.752513E-03,+90.812916E-03
+2.625000E-03,-1.753298E-03,+90.205039E-03
+2.630000E-03,-5.081942E-03,+90.099348E-03
+2.635000E-03,-2.330620E-03,+89.822856E-03
+2.640000E-03,-2.620066E-03,+89.571655E-03
+2.645000E-03,-3.561558E-03,+89.245186E-03
+2.650000E-03,-1.752513E-03,+89.074277E-03
+2.655000E-03,-3.488404E-03,+88.823020E-03
+2.660000E-03,-3.345265E-03,+88.586784E-03
+2.665000E-03,-4.359125E-03,+88.446136E-03
+2.670000E-03,-2.766373E-03,+87.998845E-03
+2.675000E-03,-1.752513E-03,+87.692367E-03
+2.680000E-03,-1.752513E-03,+87.441111E-03
+2.685000E-03,-1.752513E-03,+87.179749E-03
+2.690000E-03,-1.752513E-03,+87.054232E-03
+2.695000E-03,-1.752513E-03,+86.717437E-03
+2.700000E-03,-1.752513E-03,+86.611909E-03
+2.705000E-03,-1.752513E-03,+86.184829E-03
+2.710000E-03,-1.752513E-03,+85.933573E-03
+2.715000E-03,-161.358E-06,+85.792814E-03
+2.720000E-03,-1.752513E-03,+85.436030E-03
+2.725000E-03,-3.200556E-03,+85.204874E-03
+2.730000E-03,-2.911110E-03,+84.973718E-03
+2.735000E-03,-3.561558E-03,+84.677292E-03
+2.740000E-03,-3.561558E-03,+84.426036E-03
+2.745000E-03,-2.042771E-03,+84.049151E-03
+2.750000E-03,-3.561558E-03,+83.923523E-03
+2.755000E-03,-3.561558E-03,+83.461098E-03
+2.760000E-03,-4.792523E-03,+83.335527E-03
+2.765000E-03,-3.561558E-03,+83.044126E-03
+2.770000E-03,-2.404586E-03,+82.873215E-03
+2.775000E-03,-1.752513E-03,+82.667242E-03
+2.780000E-03,-3.561558E-03,+82.410903E-03
+2.785000E-03,-3.345293E-03,+82.179747E-03
+2.790000E-03,-2.258224E-03,+81.913473E-03
+2.795000E-03,-1.752513E-03,+81.591808E-03
+2.800000E-03,-1.752513E-03,+81.235024E-03
+2.805000E-03,-3.126562E-03,+81.129496E-03
+2.810000E-03,-3.561558E-03,+80.772712E-03
+2.815000E-03,-3.561558E-03,+80.541556E-03
+2.820000E-03,-1.752513E-03,+80.340493E-03
+2.825000E-03,-1.752513E-03,+80.029051E-03
+2.830000E-03,-3.561558E-03,+79.903423E-03
+2.835000E-03,-4.068922E-03,+79.616933E-03
+2.840000E-03,-1.752513E-03,+79.385777E-03
+2.845000E-03,-3.490030E-03,+79.270315E-03
+2.850000E-03,-3.561558E-03,+78.797837E-03
+2.855000E-03,-3.561558E-03,+78.692309E-03
+2.860000E-03,-3.561558E-03,+78.395885E-03
+2.865000E-03,-2.981825E-03,+78.144629E-03
+2.870000E-03,-1.752513E-03,+77.787903E-03
+2.875000E-03,-3.561558E-03,+77.767686E-03
+2.880000E-03,-3.272952E-03,+77.410902E-03
+2.885000E-03,-1.752513E-03,+77.179746E-03
+2.890000E-03,-2.620010E-03,+76.948590E-03
+2.895000E-03,-1.752513E-03,+76.717434E-03
+2.900000E-03,-1.752513E-03,+76.511463E-03
+2.905000E-03,-1.752513E-03,+76.260206E-03
+2.910000E-03,-1.752513E-03,+76.008950E-03
+2.915000E-03,-1.752513E-03,+75.883322E-03
+2.920000E-03,-2.766428E-03,+75.576848E-03
+2.925000E-03,-2.837088E-03,+75.305492E-03
+2.930000E-03,-1.752513E-03,+75.224971E-03
+2.935000E-03,-3.561558E-03,+74.888406E-03
+2.940000E-03,-1.752513E-03,+74.521394E-03
+2.945000E-03,-1.752513E-03,+74.214802E-03
+2.950000E-03,-1.752513E-03,+74.124528E-03
+2.955000E-03,-1.752513E-03,+73.817936E-03
+2.960000E-03,-4.355819E-03,+73.657251E-03
+2.965000E-03,-1.970459E-03,+73.481252E-03
+2.970000E-03,-1.752513E-03,+73.245131E-03
+2.975000E-03,-3.200611E-03,+72.893312E-03
+2.980000E-03,-2.402905E-03,+72.823081E-03
+2.985000E-03,-2.692351E-03,+72.612085E-03
+2.990000E-03,-2.981797E-03,+72.280367E-03
+2.995000E-03,-3.561558E-03,+72.219945E-03
+3.000000E-03,-1.753381E-03,+71.737593E-03
+3.005000E-03,-3.272980E-03,+71.632005E-03
+3.010000E-03,-2.330536E-03,+71.400850E-03
+3.015000E-03,-2.619983E-03,+71.169694E-03
+3.020000E-03,-1.752513E-03,+70.983825E-03
+3.025000E-03,-1.752513E-03,+70.858196E-03
+3.030000E-03,-1.752513E-03,+70.481312E-03
+3.035000E-03,-1.752513E-03,+70.230056E-03
+3.040000E-03,-2.763823E-03,+70.104428E-03
+3.045000E-03,-2.547614E-03,+69.782759E-03
+3.050000E-03,-2.477010E-03,+69.526599E-03
+3.055000E-03,-3.126506E-03,+69.446075E-03
+3.060000E-03,-89.073E-06,+69.099403E-03
+3.065000E-03,-3.417717E-03,+69.089414E-03
+3.070000E-03,-2.185799E-03,+68.752607E-03
+3.075000E-03,-2.838825E-03,+68.496203E-03
+3.080000E-03,-2.764692E-03,+68.345634E-03
+3.085000E-03,-1.752513E-03,+68.059140E-03
+3.090000E-03,-3.561558E-03,+67.953612E-03
+3.095000E-03,-3.490085E-03,+67.596828E-03
+3.100000E-03,-3.561558E-03,+67.365672E-03
+3.105000E-03,-2.402877E-03,+67.260145E-03
+3.110000E-03,-3.561558E-03,+67.024088E-03
+3.115000E-03,-3.561558E-03,+66.797833E-03
+3.120000E-03,-3.271216E-03,+66.586840E-03
+3.125000E-03,-3.561558E-03,+66.335583E-03
+3.130000E-03,-2.041063E-03,+66.335583E-03
+3.135000E-03,-2.983562E-03,+65.998838E-03
+3.140000E-03,-1.752513E-03,+65.767682E-03
+3.145000E-03,-1.752513E-03,+65.491237E-03
+3.150000E-03,-2.115223E-03,+65.330558E-03
+3.155000E-03,-1.825777E-03,+64.963850E-03
+3.160000E-03,-1.752513E-03,+64.968687E-03
+3.165000E-03,-1.752513E-03,+64.828046E-03
+3.170000E-03,-1.752513E-03,+64.506375E-03
+3.175000E-03,-2.477038E-03,+64.325533E-03
+3.180000E-03,-3.126479E-03,+64.074277E-03
+3.185000E-03,-1.752513E-03,+63.948649E-03
+3.190000E-03,-1.752513E-03,+63.697393E-03
+3.195000E-03,-1.752513E-03,+63.476224E-03
+3.200000E-03,-2.475218E-03,+63.295256E-03
+3.205000E-03,-1.752513E-03,+63.069252E-03
+3.210000E-03,-3.054110E-03,+63.034012E-03
+3.215000E-03,-1.752513E-03,+62.566739E-03
+3.220000E-03,-3.490113E-03,+62.561778E-03
+3.225000E-03,-3.561558E-03,+62.315483E-03
+3.230000E-03,-1.752513E-03,+62.109389E-03
+3.235000E-03,-2.621775E-03,+61.938599E-03
+3.240000E-03,-2.981742E-03,+61.647077E-03
+3.245000E-03,-3.271188E-03,+61.521385E-03
+3.250000E-03,-1.753436E-03,+61.184830E-03
+3.255000E-03,-2.041035E-03,+61.059202E-03
+3.260000E-03,-2.330481E-03,+60.762591E-03
+3.265000E-03,-1.752513E-03,+60.616926E-03
+3.270000E-03,-2.909373E-03,+60.385770E-03
+3.275000E-03,-5.007864E-03,+60.179805E-03
+3.280000E-03,-3.488265E-03,+60.054176E-03
+3.285000E-03,-3.345404E-03,+59.832942E-03
+3.290000E-03,-3.055958E-03,+59.621886E-03
+3.295000E-03,-2.766512E-03,+59.426036E-03
+3.300000E-03,-2.477066E-03,+59.300408E-03
+3.305000E-03,-1.752513E-03,+58.953739E-03
+3.310000E-03,-3.561558E-03,+59.039036E-03
+3.315000E-03,-1.752513E-03,+58.797895E-03
+3.320000E-03,-1.752513E-03,+58.421011E-03
+3.325000E-03,-2.838880E-03,+58.421011E-03
+3.330000E-03,-1.752513E-03,+58.044126E-03
+3.335000E-03,-3.054082E-03,+57.953739E-03
+3.340000E-03,-1.534483E-03,+57.667242E-03
+3.345000E-03,-1.752513E-03,+57.662282E-03
+3.350000E-03,-2.113375E-03,+57.415986E-03
+3.355000E-03,-593.776E-06,+57.255050E-03
+3.360000E-03,-1.752513E-03,+56.978734E-03
+3.365000E-03,-2.981714E-03,+56.747578E-03
+3.370000E-03,-3.271160E-03,+56.642050E-03
+3.375000E-03,-3.560606E-03,+56.410894E-03
+3.380000E-03,-3.273063E-03,+56.199773E-03
+3.385000E-03,-2.330453E-03,+56.205063E-03
+3.390000E-03,-2.619899E-03,+55.782820E-03
+3.395000E-03,-1.752513E-03,+55.657192E-03
+3.400000E-03,-3.561558E-03,+55.405935E-03
+3.405000E-03,-3.488238E-03,+55.280307E-03
+3.410000E-03,-3.561558E-03,+55.154679E-03
+3.415000E-03,-2.258085E-03,+54.938532E-03
+3.420000E-03,-2.547531E-03,+54.903423E-03
+3.425000E-03,-3.561558E-03,+54.601848E-03
+3.430000E-03,-3.561558E-03,+54.400910E-03
+3.435000E-03,-1.898201E-03,+54.265165E-03
+3.440000E-03,-3.561558E-03,+53.928347E-03
+3.445000E-03,-2.185716E-03,+53.928481E-03
+3.450000E-03,-2.838908E-03,+53.722586E-03
+3.455000E-03,-3.561558E-03,+53.521513E-03
+3.460000E-03,-3.561558E-03,+53.395885E-03
+3.465000E-03,-3.561558E-03,+53.159772E-03
+3.470000E-03,-3.490169E-03,+52.898330E-03
+3.475000E-03,-2.113348E-03,+52.868315E-03
+3.480000E-03,-2.402794E-03,+52.767744E-03
+3.485000E-03,-3.561558E-03,+52.516488E-03
+3.490000E-03,-3.561558E-03,+52.305501E-03
+3.495000E-03,-3.561558E-03,+52.245063E-03
+3.500000E-03,-3.561558E-03,+52.013908E-03
+3.505000E-03,-1.752513E-03,+51.888347E-03
+3.510000E-03,-1.752513E-03,+51.677224E-03
+3.515000E-03,-3.561558E-03,+51.576858E-03
+3.520000E-03,-2.909318E-03,+51.340540E-03
+3.525000E-03,-1.752513E-03,+51.134579E-03
+3.530000E-03,-1.752513E-03,+50.883322E-03
+3.535000E-03,-3.561558E-03,+50.883322E-03
+3.540000E-03,-1.752513E-03,+50.757694E-03
+3.545000E-03,-1.752513E-03,+50.506438E-03
+3.550000E-03,-2.477121E-03,+50.204862E-03
+3.555000E-03,-3.561558E-03,+50.129553E-03
+3.560000E-03,-3.561558E-03,+49.878297E-03
+3.565000E-03,-1.752513E-03,+49.868316E-03
+3.570000E-03,-1.752513E-03,+49.596959E-03
+3.575000E-03,-3.561558E-03,+49.425967E-03
+3.580000E-03,-3.561558E-03,+49.194811E-03
+3.585000E-03,-3.054027E-03,+49.124528E-03
+3.590000E-03,-3.561558E-03,+48.873272E-03
+3.595000E-03,-1.823874E-03,+48.873272E-03
+3.600000E-03,-1.752513E-03,+48.521444E-03
+3.605000E-03,-3.561558E-03,+48.370760E-03
+3.610000E-03,-1.752513E-03,+48.310388E-03
+3.615000E-03,-3.561558E-03,+48.119503E-03
+3.620000E-03,-2.042966E-03,+48.224961E-03
+3.625000E-03,-3.561558E-03,+47.868177E-03
+3.630000E-03,-3.561558E-03,+47.742619E-03
+3.635000E-03,-3.561558E-03,+47.491363E-03
+3.640000E-03,-3.561558E-03,+47.425966E-03
+3.645000E-03,-2.404781E-03,+47.240106E-03
+3.650000E-03,-2.115334E-03,+47.089282E-03
+3.655000E-03,-1.825888E-03,+46.863222E-03
+3.660000E-03,-3.345487E-03,+46.737594E-03
+3.665000E-03,-3.561558E-03,+46.521443E-03
+3.670000E-03,-3.561558E-03,+46.290287E-03
+3.675000E-03,-2.477149E-03,+46.235081E-03
+3.680000E-03,-3.561558E-03,+46.109453E-03
+3.685000E-03,-1.898257E-03,+45.868318E-03
+3.690000E-03,-3.561558E-03,+45.868176E-03
+3.695000E-03,-1.752513E-03,+45.541472E-03
+3.700000E-03,-3.561558E-03,+45.481312E-03
+3.705000E-03,-3.561558E-03,+45.355684E-03
+3.710000E-03,-3.561558E-03,+45.230056E-03
+3.715000E-03,-1.752513E-03,+44.978800E-03
+3.720000E-03,-1.823846E-03,+44.853172E-03
+3.725000E-03,-1.752513E-03,+44.601915E-03
+3.730000E-03,-2.402738E-03,+44.556761E-03
+3.735000E-03,-3.631856E-03,+44.290286E-03
+3.740000E-03,-1.752513E-03,+44.184758E-03
+3.745000E-03,-1.752513E-03,+43.993947E-03
+3.750000E-03,-3.560523E-03,+43.848218E-03
+3.755000E-03,-1.752513E-03,+43.742547E-03
+3.760000E-03,-2.330370E-03,+43.642260E-03
+3.765000E-03,-1.752513E-03,+43.471262E-03
+3.770000E-03,-595.763E-06,+43.220006E-03
+3.775000E-03,-1.752513E-03,+43.194808E-03
+3.780000E-03,-1.752513E-03,+42.968750E-03
+3.785000E-03,-1.752513E-03,+42.843121E-03
+3.790000E-03,-2.258001E-03,+42.717493E-03
+3.795000E-03,-3.561558E-03,+42.536661E-03
+3.800000E-03,-3.561558E-03,+42.390933E-03
+3.805000E-03,-3.561558E-03,+42.340609E-03
+3.810000E-03,-1.898285E-03,+42.194735E-03
+3.815000E-03,-2.039861E-03,+41.973702E-03
+3.820000E-03,-4.937483E-03,+41.742546E-03
+3.825000E-03,-3.561558E-03,+41.812825E-03
+3.830000E-03,-3.561558E-03,+41.586840E-03
+3.835000E-03,-4.069144E-03,+41.461212E-03
+3.840000E-03,-3.561558E-03,+41.209956E-03
+3.845000E-03,-1.823818E-03,+41.094231E-03
+3.850000E-03,-3.561558E-03,+41.084327E-03
+3.855000E-03,-4.211756E-03,+40.878224E-03
+3.860000E-03,-2.621914E-03,+40.767818E-03
+3.865000E-03,-2.981603E-03,+40.581815E-03
+3.870000E-03,-3.561558E-03,+40.370907E-03
+3.875000E-03,-3.561558E-03,+40.456113E-03
+3.880000E-03,-5.370603E-03,+40.204930E-03
+3.885000E-03,-2.983728E-03,+40.164803E-03
+3.890000E-03,-3.561558E-03,+40.019075E-03
+3.895000E-03,-3.057160E-03,+39.737446E-03
+3.900000E-03,-3.561558E-03,+39.677218E-03
+3.905000E-03,-3.488126E-03,+39.571690E-03
+3.910000E-03,-3.561558E-03,+39.325533E-03
+3.915000E-03,-1.752513E-03,+39.235007E-03
+3.920000E-03,-3.561558E-03,+39.019075E-03
+3.925000E-03,-2.477205E-03,+39.049301E-03
+3.930000E-03,-3.126312E-03,+38.823021E-03
+3.935000E-03,-3.561558E-03,+38.697393E-03
+3.940000E-03,-3.417911E-03,+38.697393E-03
+3.945000E-03,-3.561558E-03,+38.476212E-03
+3.950000E-03,-2.839019E-03,+38.320508E-03
+3.955000E-03,-2.549573E-03,+38.194880E-03
+3.960000E-03,-3.053943E-03,+38.069252E-03
+3.965000E-03,-3.561558E-03,+37.817996E-03
+3.970000E-03,-1.752513E-03,+37.817996E-03
+3.975000E-03,-3.561558E-03,+37.616840E-03
+3.980000E-03,-2.402683E-03,+37.486262E-03
+3.985000E-03,-3.561558E-03,+37.441111E-03
+3.990000E-03,-2.332495E-03,+37.315483E-03
+3.995000E-03,-3.271021E-03,+37.084403E-03
+4.000000E-03,-3.561558E-03,+37.064151E-03
+4.005000E-03,-3.561558E-03,+36.938599E-03
+4.010000E-03,-1.752513E-03,+36.727468E-03
+4.015000E-03,-2.619760E-03,+36.627117E-03
+4.020000E-03,-2.404864E-03,+36.516412E-03
+4.025000E-03,-3.561558E-03,+36.335660E-03
+4.030000E-03,-3.488099E-03,+36.305357E-03
+4.035000E-03,-1.752513E-03,+36.169831E-03
+4.040000E-03,-1.752513E-03,+36.059202E-03
+4.045000E-03,-1.752513E-03,+35.807946E-03
+4.050000E-03,-1.752513E-03,+35.682317E-03
+4.055000E-03,-2.187786E-03,+35.586917E-03
+4.060000E-03,-3.415730E-03,+35.546562E-03
+4.065000E-03,-1.752513E-03,+35.431061E-03
+4.070000E-03,-1.752513E-03,+35.239953E-03
+4.075000E-03,-3.561558E-03,+35.104351E-03
+4.080000E-03,-2.549601E-03,+35.054177E-03
+4.085000E-03,-1.752513E-03,+34.963802E-03
+4.090000E-03,-1.752513E-03,+34.692445E-03
+4.095000E-03,-3.490308E-03,+34.677292E-03
+4.100000E-03,-3.200862E-03,+34.551664E-03
+4.105000E-03,-2.402655E-03,+34.345557E-03
+4.110000E-03,-1.752513E-03,+34.300408E-03
+4.115000E-03,-3.561558E-03,+34.174780E-03
+4.120000E-03,-2.043077E-03,+34.260052E-03
+4.125000E-03,-1.753631E-03,+34.049074E-03
+4.130000E-03,-3.273230E-03,+33.817918E-03
+4.135000E-03,-3.561558E-03,+33.883400E-03
+4.140000E-03,-2.619732E-03,+33.546639E-03
+4.145000E-03,-2.909179E-03,+33.501335E-03
+4.150000E-03,-2.115446E-03,+33.496232E-03
+4.155000E-03,-1.825999E-03,+33.169755E-03
+4.160000E-03,-3.561558E-03,+33.184752E-03
+4.165000E-03,-2.257918E-03,+33.134657E-03
+4.170000E-03,-3.561558E-03,+32.988929E-03
+4.175000E-03,-4.286305E-03,+32.792870E-03
+4.180000E-03,-3.561558E-03,+32.667242E-03
+4.185000E-03,-3.561558E-03,+32.541614E-03
+4.190000E-03,-3.561558E-03,+32.425957E-03
+4.195000E-03,-3.128521E-03,+32.415986E-03
+4.200000E-03,-3.561558E-03,+32.290358E-03
+4.205000E-03,-3.561558E-03,+32.164730E-03
+4.210000E-03,-2.260183E-03,+31.948728E-03
+4.215000E-03,-1.752513E-03,+31.913473E-03
+4.220000E-03,-3.561558E-03,+32.029209E-03
+4.225000E-03,-3.561558E-03,+31.687263E-03
+4.230000E-03,-1.752513E-03,+31.581736E-03
+4.235000E-03,-1.752513E-03,+31.410961E-03
+4.240000E-03,-2.332551E-03,+31.410961E-03
+4.245000E-03,-1.752513E-03,+31.285333E-03
+4.250000E-03,-3.560412E-03,+31.159704E-03
+4.255000E-03,-3.561558E-03,+31.074118E-03
+4.260000E-03,-2.983812E-03,+30.993955E-03
+4.265000E-03,-3.561558E-03,+30.848226E-03
+4.270000E-03,-2.909151E-03,+30.702498E-03
+4.275000E-03,-1.752513E-03,+30.757614E-03
+4.280000E-03,-3.561558E-03,+30.531564E-03
+4.285000E-03,-1.752513E-03,+30.390940E-03
+4.290000E-03,-3.056180E-03,+30.189775E-03
+4.295000E-03,-1.752513E-03,+30.209875E-03
+4.300000E-03,-3.561558E-03,+30.079383E-03
+4.305000E-03,-3.126228E-03,+29.998820E-03
+4.310000E-03,-1.752513E-03,+29.903423E-03
+4.315000E-03,-3.561558E-03,+29.787765E-03
+4.320000E-03,-1.752513E-03,+29.652167E-03
+4.325000E-03,-2.474968E-03,+29.526539E-03
+4.330000E-03,-3.561558E-03,+29.471181E-03
+4.335000E-03,-3.053860E-03,+29.310539E-03
+4.340000E-03,-3.343306E-03,+29.149654E-03
+4.345000E-03,-1.823707E-03,+29.149654E-03
+4.350000E-03,-1.752513E-03,+29.024026E-03
+4.355000E-03,-2.911471E-03,+28.933736E-03
+4.360000E-03,-1.752513E-03,+28.838015E-03
+4.365000E-03,-1.752513E-03,+28.647142E-03
+4.370000E-03,-1.752513E-03,+28.732406E-03
+4.375000E-03,-1.752513E-03,+28.521514E-03
+4.380000E-03,-1.752513E-03,+28.415904E-03
+4.385000E-03,-521.186E-06,+28.395885E-03
+4.390000E-03,-1.752513E-03,+28.265069E-03
+4.395000E-03,-2.404947E-03,+28.019001E-03
+4.400000E-03,-1.752513E-03,+28.044208E-03
+4.405000E-03,-1.752513E-03,+27.893373E-03
+4.410000E-03,-1.536609E-03,+27.878380E-03
+4.415000E-03,-1.752513E-03,+27.732651E-03
+4.420000E-03,-1.752513E-03,+27.642117E-03
+4.425000E-03,-1.752513E-03,+27.642117E-03
+4.430000E-03,-1.752513E-03,+27.516488E-03
+4.435000E-03,-1.752513E-03,+27.265232E-03
+4.440000E-03,-1.752513E-03,+27.265232E-03
+4.445000E-03,-1.752513E-03,+27.169672E-03
+4.450000E-03,-2.839130E-03,+27.013976E-03
+4.455000E-03,-1.752513E-03,+26.958617E-03
+4.460000E-03,-2.260238E-03,+26.853089E-03
+4.465000E-03,-1.970792E-03,+26.873189E-03
+4.470000E-03,-3.490391E-03,+26.632149E-03
+4.475000E-03,-3.200945E-03,+26.612049E-03
+4.480000E-03,-1.752513E-03,+26.556606E-03
+4.485000E-03,-2.622053E-03,+26.385835E-03
+4.490000E-03,-2.332607E-03,+26.260207E-03
+4.495000E-03,-1.752513E-03,+26.365651E-03
+4.500000E-03,-1.752513E-03,+26.134495E-03
+4.505000E-03,-1.752513E-03,+26.008951E-03
+4.510000E-03,-1.752513E-03,+25.923440E-03
+4.515000E-03,-1.752513E-03,+25.883323E-03
+4.520000E-03,-3.561558E-03,+25.632066E-03
+4.525000E-03,-3.198541E-03,+25.531648E-03
+4.530000E-03,-3.561558E-03,+25.506438E-03
+4.535000E-03,-1.968388E-03,+25.380810E-03
+4.540000E-03,-2.257835E-03,+25.255182E-03
+4.545000E-03,-3.561558E-03,+25.310374E-03
+4.550000E-03,-2.477344E-03,+25.129554E-03
+4.555000E-03,-1.752513E-03,+25.034161E-03
+4.560000E-03,-1.898451E-03,+25.129554E-03
+4.565000E-03,-3.561558E-03,+24.772601E-03
+4.570000E-03,-1.752513E-03,+24.878297E-03
+4.575000E-03,-1.752513E-03,+24.752669E-03
+4.580000E-03,-2.549712E-03,+24.627041E-03
+4.585000E-03,-2.260266E-03,+24.556520E-03
+4.590000E-03,-3.343251E-03,+24.611881E-03
+4.595000E-03,-1.752513E-03,+24.496473E-03
+4.600000E-03,-3.200973E-03,+24.350744E-03
+4.605000E-03,-2.402544E-03,+24.250157E-03
+4.610000E-03,-3.561558E-03,+24.124529E-03
+4.615000E-03,-2.332634E-03,+24.084242E-03
+4.620000E-03,-1.752513E-03,+23.788016E-03
+4.625000E-03,-3.561558E-03,+23.747730E-03
+4.630000E-03,-2.040729E-03,+23.853257E-03
+4.635000E-03,-2.983895E-03,+23.873272E-03
+4.640000E-03,-2.619621E-03,+23.687428E-03
+4.645000E-03,-2.909067E-03,+23.496388E-03
+4.650000E-03,-2.115557E-03,+23.471177E-03
+4.655000E-03,-1.752513E-03,+23.491277E-03
+4.660000E-03,-3.345710E-03,+23.260121E-03
+4.665000E-03,-1.752513E-03,+23.335670E-03
+4.670000E-03,-2.547253E-03,+23.119504E-03
+4.675000E-03,-3.561558E-03,+23.069166E-03
+4.680000E-03,-3.126145E-03,+22.993875E-03
+4.685000E-03,-1.898479E-03,+22.868247E-03
+4.690000E-03,-3.561558E-03,+22.752583E-03
+4.695000E-03,-1.752513E-03,+22.742619E-03
+4.700000E-03,-1.752513E-03,+22.792784E-03
+4.705000E-03,-2.764331E-03,+22.616991E-03
+4.710000E-03,-3.053777E-03,+22.526625E-03
+4.715000E-03,-1.752513E-03,+22.476201E-03
+4.720000E-03,-1.823624E-03,+22.370673E-03
+4.725000E-03,-3.201001E-03,+22.340696E-03
+4.730000E-03,-2.911554E-03,+22.159618E-03
+4.735000E-03,-2.622108E-03,+22.179718E-03
+4.740000E-03,-1.752513E-03,+22.033902E-03
+4.745000E-03,-1.752513E-03,+21.988850E-03
+4.750000E-03,-3.560300E-03,+21.988763E-03
+4.755000E-03,-3.561558E-03,+21.863222E-03
+4.760000E-03,-1.752513E-03,+21.823109E-03
+4.765000E-03,-2.619594E-03,+21.611966E-03
+4.770000E-03,-3.561558E-03,+21.566652E-03
+4.775000E-03,-1.752513E-03,+21.511551E-03
+4.780000E-03,-3.561558E-03,+21.601740E-03
+4.785000E-03,-1.752513E-03,+21.471350E-03
+4.790000E-03,-2.257779E-03,+21.360710E-03
+4.795000E-03,-2.766845E-03,+21.235081E-03
+4.800000E-03,-1.752513E-03,+21.084504E-03
+4.805000E-03,-1.752513E-03,+21.014064E-03
+4.810000E-03,-3.561558E-03,+21.099315E-03
+4.815000E-03,-1.895964E-03,+20.878121E-03
+4.820000E-03,-3.128660E-03,+20.858197E-03
+4.825000E-03,-3.561558E-03,+20.732569E-03
+4.830000E-03,-3.561558E-03,+20.732569E-03
+4.835000E-03,-3.561558E-03,+20.642205E-03
+4.840000E-03,-3.343195E-03,+20.481313E-03
+4.845000E-03,-3.561558E-03,+20.360621E-03
+4.850000E-03,-3.201028E-03,+20.355684E-03
+4.855000E-03,-3.561558E-03,+20.275194E-03
+4.860000E-03,-2.691934E-03,+20.355684E-03
+4.865000E-03,-1.752513E-03,+20.230056E-03
+4.870000E-03,-2.043244E-03,+20.209867E-03
+4.875000E-03,-1.752513E-03,+20.104428E-03
+4.880000E-03,-1.464352E-03,+19.978800E-03
+4.885000E-03,-3.561558E-03,+19.978800E-03
+4.890000E-03,-1.752513E-03,+19.913384E-03
+4.895000E-03,-1.752513E-03,+19.727544E-03
+4.900000E-03,-1.752513E-03,+19.702328E-03
+4.905000E-03,-3.561558E-03,+19.607030E-03
+4.910000E-03,-1.752513E-03,+19.601916E-03
+4.915000E-03,-3.056319E-03,+19.441201E-03
+4.920000E-03,-3.561558E-03,+19.350659E-03
+4.925000E-03,-1.752513E-03,+19.225031E-03
+4.930000E-03,-3.561558E-03,+19.255272E-03
+4.935000E-03,-1.898535E-03,+19.225031E-03
+4.940000E-03,-3.561558E-03,+19.225031E-03
+4.945000E-03,-2.185383E-03,+18.878207E-03
+4.950000E-03,-1.752513E-03,+19.049242E-03
+4.955000E-03,-2.549795E-03,+19.044036E-03
+4.960000E-03,-3.053721E-03,+18.938508E-03
+4.965000E-03,-3.343167E-03,+18.832981E-03
+4.970000E-03,-1.681457E-03,+18.843212E-03
+4.975000E-03,-3.201056E-03,+18.697484E-03
+4.980000E-03,-1.752513E-03,+18.390769E-03
+4.985000E-03,-2.691906E-03,+18.596891E-03
+4.990000E-03,-1.752513E-03,+18.471262E-03
+4.995000E-03,-1.752513E-03,+18.451071E-03
+5.000000E-03,-1.752513E-03,+18.345725E-03
+5.005000E-03,-2.040646E-03,+18.240015E-03
+5.010000E-03,-1.752513E-03,+18.094378E-03
+5.015000E-03,-2.619538E-03,+18.220006E-03
+5.020000E-03,-1.752513E-03,+18.220006E-03
+5.025000E-03,-1.389385E-03,+18.094378E-03
+5.030000E-03,-1.752513E-03,+17.963633E-03
+5.035000E-03,-1.968277E-03,+17.968750E-03
+5.040000E-03,-2.257723E-03,+17.843122E-03
+5.045000E-03,-2.547169E-03,+17.717494E-03
+5.050000E-03,-2.836616E-03,+17.717494E-03
+5.055000E-03,-1.752513E-03,+17.591865E-03
+5.060000E-03,-3.561558E-03,+17.591865E-03
+5.065000E-03,-1.895909E-03,+17.466237E-03
+5.070000E-03,-1.752513E-03,+17.275098E-03
+5.075000E-03,-2.839269E-03,+17.265140E-03
+5.080000E-03,-3.561558E-03,+17.410868E-03
+5.085000E-03,-2.260377E-03,+17.179713E-03
+5.090000E-03,-1.752513E-03,+17.089353E-03
+5.095000E-03,-3.561558E-03,+17.094285E-03
+5.100000E-03,-2.112986E-03,+17.089353E-03
+5.105000E-03,-2.911638E-03,+16.928363E-03
+5.110000E-03,-2.622192E-03,+16.963725E-03
+5.115000E-03,-1.752513E-03,+16.923431E-03
+5.120000E-03,-2.043299E-03,+16.797709E-03
+5.125000E-03,-1.752513E-03,+16.712468E-03
+5.130000E-03,-3.273452E-03,+16.501227E-03
+5.135000E-03,-2.984006E-03,+16.672361E-03
+5.140000E-03,-2.694560E-03,+16.586840E-03
+5.145000E-03,-3.561558E-03,+16.461212E-03
+5.150000E-03,-3.198402E-03,+16.360803E-03
+5.155000E-03,-1.826222E-03,+16.209956E-03
+5.160000E-03,-1.752513E-03,+16.350566E-03
+5.165000E-03,-2.257696E-03,+16.300502E-03
+5.170000E-03,-3.561558E-03,+16.209956E-03
+5.175000E-03,-1.752513E-03,+16.084328E-03
+5.180000E-03,-2.188036E-03,+16.084328E-03
+5.185000E-03,-3.561558E-03,+15.968844E-03
+5.190000E-03,-1.752513E-03,+15.948743E-03
+5.195000E-03,-3.128743E-03,+15.958700E-03
+5.200000E-03,-2.474773E-03,+15.833071E-03
+5.205000E-03,-2.764219E-03,+15.903329E-03
+5.210000E-03,-1.752513E-03,+15.833071E-03
+5.215000E-03,-161.913E-06,+15.802732E-03
+5.220000E-03,-3.561558E-03,+15.591676E-03
+5.225000E-03,-1.752513E-03,+15.581815E-03
+5.230000E-03,-2.402405E-03,+15.501318E-03
+5.235000E-03,-1.752513E-03,+15.456187E-03
+5.240000E-03,-1.752513E-03,+15.370855E-03
+5.245000E-03,-2.043327E-03,+15.330559E-03
+5.250000E-03,-1.752513E-03,+15.204931E-03
+5.255000E-03,-3.561558E-03,+15.330559E-03
+5.260000E-03,-3.561558E-03,+15.079303E-03
+5.265000E-03,-1.752513E-03,+15.139509E-03
+5.270000E-03,-2.405142E-03,+15.159609E-03
+5.275000E-03,-3.198375E-03,+15.079303E-03
+5.280000E-03,-1.752513E-03,+15.079303E-03
+5.285000E-03,-1.752513E-03,+14.843026E-03
+5.290000E-03,-1.752513E-03,+14.863127E-03
+5.295000E-03,-2.766956E-03,+14.757599E-03
+5.300000E-03,-1.752513E-03,+14.777699E-03
+5.305000E-03,-1.752513E-03,+14.702418E-03
+5.310000E-03,-1.752513E-03,+14.576790E-03
+5.315000E-03,-1.895853E-03,+14.576790E-03
+5.320000E-03,-3.128771E-03,+14.451162E-03
+5.325000E-03,-1.752513E-03,+14.401007E-03
+5.330000E-03,-1.752513E-03,+14.395789E-03
+5.335000E-03,-1.752513E-03,+14.451162E-03
+5.340000E-03,-3.343084E-03,+14.325534E-03
+5.345000E-03,-1.752513E-03,+14.209763E-03
+5.350000E-03,-3.561558E-03,+14.300505E-03
+5.355000E-03,-2.402377E-03,+14.074277E-03
+5.360000E-03,-3.561558E-03,+14.074277E-03
+5.365000E-03,-2.332801E-03,+14.074277E-03
+5.370000E-03,-3.561558E-03,+13.928452E-03
+5.375000E-03,-3.560161E-03,+14.074181E-03
+5.380000E-03,-2.040562E-03,+13.843025E-03
+5.385000E-03,-2.984062E-03,+13.908545E-03
+5.390000E-03,-2.694616E-03,+13.888445E-03
+5.395000E-03,-1.752513E-03,+13.777698E-03
+5.400000E-03,-3.561558E-03,+13.697393E-03
+5.405000E-03,-3.487793E-03,+13.456382E-03
+5.410000E-03,-3.345876E-03,+13.461115E-03
+5.415000E-03,-4.066685E-03,+13.662315E-03
+5.420000E-03,-2.547086E-03,+13.501316E-03
+5.425000E-03,-3.561558E-03,+13.446137E-03
+5.430000E-03,-3.561558E-03,+13.415888E-03
+5.435000E-03,-3.415425E-03,+13.320509E-03
+5.440000E-03,-1.895825E-03,+13.330461E-03
+5.445000E-03,-3.561558E-03,+13.290456E-03
+5.450000E-03,-2.839353E-03,+13.144727E-03
+5.455000E-03,-1.752513E-03,+13.194881E-03
+5.460000E-03,-3.561558E-03,+13.194881E-03
+5.465000E-03,-3.561558E-03,+13.179707E-03
+5.470000E-03,-1.823457E-03,+12.948551E-03
+5.475000E-03,-5.010212E-03,+12.968651E-03
+5.480000E-03,-2.911721E-03,+12.943624E-03
+5.485000E-03,-3.561558E-03,+12.878396E-03
+5.490000E-03,-2.332829E-03,+12.903324E-03
+5.495000E-03,-3.561558E-03,+12.838195E-03
+5.500000E-03,-3.560134E-03,+12.692467E-03
+5.505000E-03,-5.082581E-03,+12.586741E-03
+5.510000E-03,-2.984090E-03,+12.606842E-03
+5.515000E-03,-3.561558E-03,+12.566740E-03
+5.520000E-03,-4.717918E-03,+12.521414E-03
+5.525000E-03,-3.561558E-03,+12.541515E-03
+5.530000E-03,-1.826305E-03,+12.446236E-03
+5.535000E-03,-3.345904E-03,+12.551764E-03
+5.540000E-03,-1.752513E-03,+12.566740E-03
+5.545000E-03,-3.561558E-03,+12.385935E-03
+5.550000E-03,-1.752513E-03,+12.265133E-03
+5.555000E-03,-3.561558E-03,+12.285233E-03
+5.560000E-03,-5.224442E-03,+12.305333E-03
+5.565000E-03,-3.418273E-03,+12.179905E-03
+5.570000E-03,-3.128827E-03,+12.159805E-03
+5.575000E-03,-3.561558E-03,+12.014076E-03
+5.580000E-03,-2.549934E-03,+12.008851E-03
+5.585000E-03,-2.260488E-03,+12.064227E-03
+5.590000E-03,-3.561558E-03,+12.049052E-03
+5.595000E-03,-3.561558E-03,+11.933674E-03
+5.600000E-03,-3.561558E-03,+11.837996E-03
+5.605000E-03,-3.561558E-03,+11.732468E-03
+5.610000E-03,-3.561558E-03,+11.878197E-03
+5.615000E-03,-4.141902E-03,+11.812971E-03
+5.620000E-03,-1.752513E-03,+11.707544E-03
+5.625000E-03,-1.753964E-03,+11.561816E-03
+5.630000E-03,-3.273563E-03,+11.667343E-03
+5.635000E-03,-1.752513E-03,+11.516287E-03
+5.640000E-03,-2.619399E-03,+11.561715E-03
+5.645000E-03,-1.752513E-03,+11.516387E-03
+5.650000E-03,-1.752513E-03,+11.561715E-03
+5.655000E-03,-1.752513E-03,+11.310458E-03
+5.660000E-03,-3.561558E-03,+11.421113E-03
+5.665000E-03,-3.056486E-03,+11.345533E-03
+5.670000E-03,-2.547031E-03,+11.310458E-03
+5.675000E-03,-3.561558E-03,+11.235183E-03
+5.680000E-03,-2.690288E-03,+11.375582E-03
+5.685000E-03,-3.415369E-03,+11.184830E-03
+5.690000E-03,-3.561558E-03,+11.059202E-03
+5.695000E-03,-3.128854E-03,+11.184830E-03
+5.700000E-03,-2.839408E-03,+11.059202E-03
+5.705000E-03,-3.561558E-03,+11.059202E-03
+5.710000E-03,-3.053554E-03,+11.023924E-03
+5.715000E-03,-3.561558E-03,+10.918396E-03
+5.720000E-03,-3.490669E-03,+10.812869E-03
+5.725000E-03,-3.201223E-03,+10.908551E-03
+5.730000E-03,-1.752513E-03,+10.807946E-03
+5.735000E-03,-2.691740E-03,+10.807946E-03
+5.740000E-03,-523.839E-06,+10.767642E-03
+5.745000E-03,-1.752513E-03,+10.787743E-03
+5.750000E-03,-1.752513E-03,+10.682215E-03
+5.755000E-03,-3.561558E-03,+10.576687E-03
+5.760000E-03,-3.561558E-03,+10.471160E-03
+5.765000E-03,-3.561558E-03,+10.561921E-03
+5.770000E-03,-2.405253E-03,+10.556690E-03
+5.775000E-03,-3.198263E-03,+10.431061E-03
+5.780000E-03,-1.752513E-03,+10.431061E-03
+5.785000E-03,-3.561558E-03,+10.416089E-03
+5.790000E-03,-1.752513E-03,+10.340506E-03
+5.795000E-03,-2.547003E-03,+10.234978E-03
+5.800000E-03,-2.836449E-03,+10.305433E-03
+5.805000E-03,-1.752513E-03,+10.275179E-03
+5.810000E-03,-1.752513E-03,+10.064331E-03
+5.815000E-03,-1.752513E-03,+10.189752E-03
+5.820000E-03,-1.752513E-03,+10.054177E-03
+5.825000E-03,-2.474634E-03,+10.004030E-03
+5.830000E-03,-1.752513E-03,+10.069044E-03
+5.835000E-03,-1.752513E-03,+9.928549E-03
+5.840000E-03,-1.971098E-03,+9.928549E-03
+5.845000E-03,-1.823374E-03,+9.802921E-03
+5.850000E-03,-1.752513E-03,+9.903528E-03
+5.855000E-03,-2.911804E-03,+9.928549E-03
+5.860000E-03,-2.691712E-03,+9.742515E-03
+5.865000E-03,-2.981158E-03,+9.762615E-03
+5.870000E-03,-1.752513E-03,+9.677293E-03
+5.875000E-03,-1.754020E-03,+9.551664E-03
+5.880000E-03,-3.273619E-03,+9.657297E-03
+5.885000E-03,-2.329897E-03,+9.637196E-03
+5.890000E-03,-2.694727E-03,+9.677293E-03
+5.895000E-03,-3.561558E-03,+9.551664E-03
+5.900000E-03,-2.115835E-03,+9.451267E-03
+5.905000E-03,-3.487682E-03,+9.546534E-03
+5.910000E-03,-1.752513E-03,+9.315378E-03
+5.915000E-03,-3.056541E-03,+9.516594E-03
+5.920000E-03,-1.752513E-03,+9.426036E-03
+5.925000E-03,-2.836421E-03,+9.350765E-03
+5.930000E-03,-3.125867E-03,+9.300408E-03
+5.935000E-03,-1.752513E-03,+9.184936E-03
+5.940000E-03,-1.752513E-03,+9.290464E-03
+5.945000E-03,-2.185160E-03,+9.270363E-03
+5.950000E-03,-3.561558E-03,+9.224925E-03
+5.955000E-03,-3.561558E-03,+9.300408E-03
+5.960000E-03,-2.768631E-03,+9.084434E-03
+5.965000E-03,-1.752513E-03,+8.938705E-03
+5.970000E-03,-5.228936E-03,+9.054071E-03
+5.975000E-03,-3.561558E-03,+9.074171E-03
+5.980000E-03,-2.402238E-03,+9.049152E-03
+5.985000E-03,-2.622386E-03,+8.983932E-03
+5.990000E-03,-2.332940E-03,+8.923524E-03
+5.995000E-03,-3.561558E-03,+8.818103E-03
+6.000000E-03,-1.752513E-03,+8.798002E-03
+6.005000E-03,-1.752513E-03,+8.817889E-03
+6.010000E-03,-2.984201E-03,+8.797896E-03
+6.015000E-03,-2.619316E-03,+8.863329E-03
+6.020000E-03,-2.405308E-03,+8.797896E-03
+6.025000E-03,-3.561558E-03,+8.772663E-03
+6.030000E-03,-3.487654E-03,+8.792763E-03
+6.035000E-03,-1.752513E-03,+8.672267E-03
+6.040000E-03,-1.752513E-03,+8.637199E-03
+6.045000E-03,-2.767123E-03,+8.617098E-03
+6.050000E-03,-2.836393E-03,+8.521728E-03
+6.055000E-03,-1.752513E-03,+8.546639E-03
+6.060000E-03,-3.415286E-03,+8.536482E-03
+6.065000E-03,-3.418384E-03,+8.411069E-03
+6.070000E-03,-2.185133E-03,+8.390968E-03
+6.075000E-03,-1.752513E-03,+8.345527E-03
+6.080000E-03,-3.561558E-03,+8.295383E-03
+6.085000E-03,-3.561558E-03,+8.295383E-03
+6.090000E-03,-3.561558E-03,+8.169755E-03
+6.095000E-03,-3.490752E-03,+8.174672E-03
+6.100000E-03,-5.010351E-03,+8.069144E-03
+6.105000E-03,-3.561558E-03,+8.044127E-03
+6.110000E-03,-3.561558E-03,+8.234973E-03
+6.115000E-03,-3.561558E-03,+8.169755E-03
+6.120000E-03,-3.561558E-03,+8.149546E-03
+6.125000E-03,-3.559995E-03,+7.918607E-03
+6.130000E-03,-3.273675E-03,+8.149763E-03
+6.135000E-03,-5.370603E-03,+8.044127E-03
+6.140000E-03,-4.428333E-03,+7.983934E-03
+6.145000E-03,-3.561558E-03,+7.918499E-03
+6.150000E-03,-3.561558E-03,+7.893264E-03
+6.155000E-03,-3.635489E-03,+7.913365E-03
+6.160000E-03,-5.155088E-03,+7.682209E-03
+6.165000E-03,-2.257473E-03,+7.667242E-03
+6.170000E-03,-2.767151E-03,+7.863332E-03
+6.175000E-03,-3.561558E-03,+7.792871E-03
+6.180000E-03,-3.125812E-03,+7.667242E-03
+6.185000E-03,-1.898813E-03,+7.667242E-03
+6.190000E-03,-3.418412E-03,+7.782930E-03
+6.195000E-03,-376.060E-06,+7.697284E-03
+6.200000E-03,-2.839519E-03,+7.591756E-03
+6.205000E-03,-1.752513E-03,+7.611856E-03
+6.210000E-03,-2.260627E-03,+7.631957E-03
+6.215000E-03,-3.342889E-03,+7.526429E-03
+6.220000E-03,-1.752513E-03,+7.541614E-03
+6.225000E-03,-1.752513E-03,+7.541614E-03
+6.230000E-03,-1.752513E-03,+7.541614E-03
+6.235000E-03,-2.622442E-03,+7.415986E-03
+6.240000E-03,-2.981075E-03,+7.415986E-03
+6.245000E-03,-3.270521E-03,+7.330780E-03
+6.250000E-03,-1.754103E-03,+7.415986E-03
+6.255000E-03,-2.040368E-03,+7.310348E-03
+6.260000E-03,-2.329814E-03,+7.290358E-03
+6.265000E-03,-1.752513E-03,+7.224921E-03
+6.270000E-03,-2.405364E-03,+7.245021E-03
+6.275000E-03,-3.198152E-03,+7.164730E-03
+6.280000E-03,-1.678553E-03,+7.164730E-03
+6.285000E-03,-3.346071E-03,+7.149765E-03
+6.290000E-03,-1.752513E-03,+7.164730E-03
+6.295000E-03,-2.546892E-03,+7.164730E-03
+6.300000E-03,-3.561558E-03,+7.164730E-03
+6.305000E-03,-3.997332E-03,+7.164730E-03
+6.310000E-03,-5.224275E-03,+7.039102E-03
+6.315000E-03,-3.561558E-03,+7.029163E-03
+6.320000E-03,-3.561558E-03,+7.039102E-03
+6.325000E-03,-4.648592E-03,+6.863334E-03
+6.330000E-03,-2.763969E-03,+6.983714E-03
+6.335000E-03,-3.561558E-03,+6.913474E-03
+6.340000E-03,-1.971209E-03,+6.803033E-03
+6.345000E-03,-1.752513E-03,+6.908560E-03
+6.350000E-03,-2.112709E-03,+6.812859E-03
+6.355000E-03,-1.752513E-03,+6.787845E-03
+6.360000E-03,-4.431515E-03,+6.787845E-03
+6.365000E-03,-4.790092E-03,+6.702531E-03
+6.370000E-03,-3.561558E-03,+6.767633E-03
+6.375000E-03,-3.561558E-03,+6.662330E-03
+6.380000E-03,-3.273730E-03,+6.767857E-03
+6.385000E-03,-3.561558E-03,+6.702306E-03
+6.390000E-03,-2.694838E-03,+6.596778E-03
+6.395000E-03,-1.752513E-03,+6.536589E-03
+6.400000E-03,-3.561558E-03,+6.561828E-03
+6.405000E-03,-1.752513E-03,+6.541727E-03
+6.410000E-03,-1.752513E-03,+6.410961E-03
+6.415000E-03,-3.056653E-03,+6.446024E-03
+6.420000E-03,-2.546864E-03,+6.536589E-03
+6.425000E-03,-3.561558E-03,+6.410961E-03
+6.430000E-03,-3.125756E-03,+6.536589E-03
+6.435000E-03,-1.898868E-03,+6.400797E-03
+6.440000E-03,-5.084422E-03,+6.401024E-03
+6.445000E-03,-1.752513E-03,+6.506552E-03
+6.450000E-03,-3.561558E-03,+6.436314E-03
+6.455000E-03,-3.561558E-03,+6.229943E-03
+6.460000E-03,-3.053388E-03,+6.375671E-03
+6.465000E-03,-3.561558E-03,+6.285333E-03
+6.470000E-03,-1.823235E-03,+6.159705E-03
+6.475000E-03,-2.112681E-03,+6.285333E-03
+6.480000E-03,-1.752513E-03,+6.240221E-03
+6.485000E-03,-2.622497E-03,+6.159705E-03
+6.490000E-03,-2.333051E-03,+6.200020E-03
+6.495000E-03,-3.561558E-03,+6.139490E-03
+6.500000E-03,-3.561558E-03,+6.284990E-03
+6.505000E-03,-2.040312E-03,+5.948421E-03
+6.510000E-03,-4.793357E-03,+6.159705E-03
+6.515000E-03,-5.370603E-03,+6.034077E-03
+6.520000E-03,-3.561558E-03,+6.114364E-03
+6.525000E-03,-6.452726E-03,+6.034077E-03
+6.530000E-03,-3.561558E-03,+6.039216E-03
+6.535000E-03,-3.561558E-03,+6.034077E-03
+6.540000E-03,-2.257390E-03,+5.943509E-03
+6.545000E-03,-3.561558E-03,+5.908448E-03
+6.550000E-03,-2.477788E-03,+5.908448E-03
+6.555000E-03,-3.561558E-03,+5.938714E-03
+6.560000E-03,-3.415174E-03,+5.803151E-03
+6.565000E-03,-3.561558E-03,+5.908448E-03
+6.570000E-03,-3.561558E-03,+5.878413E-03
+6.575000E-03,-2.839603E-03,+5.782820E-03
+6.580000E-03,-2.763914E-03,+5.782820E-03
+6.585000E-03,-3.561558E-03,+5.747529E-03
+6.590000E-03,-3.561558E-03,+5.672383E-03
+6.595000E-03,-3.561558E-03,+5.782820E-03
+6.600000E-03,-3.921698E-03,+5.632182E-03
+6.605000E-03,-2.911971E-03,+5.576674E-03
+6.610000E-03,-3.561558E-03,+5.657192E-03
+6.615000E-03,-2.980991E-03,+5.571881E-03
+6.620000E-03,-2.043633E-03,+5.531564E-03
+6.625000E-03,-3.561558E-03,+5.531680E-03
+6.630000E-03,-3.561558E-03,+5.531564E-03
+6.635000E-03,-2.984340E-03,+5.657192E-03
+6.640000E-03,-2.619177E-03,+5.531564E-03
+6.645000E-03,-3.561558E-03,+5.531564E-03
+6.650000E-03,-3.561558E-03,+5.405936E-03
+6.655000E-03,-3.561558E-03,+5.526422E-03
+6.660000E-03,-3.561558E-03,+5.516605E-03
+6.665000E-03,-3.561558E-03,+5.405936E-03
+6.670000E-03,-3.561558E-03,+5.350776E-03
+6.675000E-03,-3.561558E-03,+5.355568E-03
+6.680000E-03,-3.561558E-03,+5.184947E-03
+6.685000E-03,-1.752513E-03,+5.280308E-03
+6.690000E-03,-3.561558E-03,+5.280308E-03
+6.695000E-03,-3.129077E-03,+5.280308E-03
+6.700000E-03,-4.648676E-03,+5.204813E-03
+6.705000E-03,-2.763886E-03,+5.280308E-03
+6.710000E-03,-2.260738E-03,+5.209721E-03
+6.715000E-03,-3.342778E-03,+5.059438E-03
+6.720000E-03,-5.229270E-03,+5.159587E-03
+6.725000E-03,-3.561558E-03,+5.154680E-03
+6.730000E-03,-3.561558E-03,+5.154680E-03
+6.735000E-03,-4.431598E-03,+5.094260E-03
+6.740000E-03,-3.561558E-03,+5.069370E-03
+6.745000E-03,-3.561558E-03,+5.134461E-03
+6.750000E-03,-5.368901E-03,+5.029051E-03
+6.755000E-03,-2.040257E-03,+5.134697E-03
+6.760000E-03,-3.561558E-03,+4.983589E-03
+6.765000E-03,-3.561558E-03,+4.968868E-03
+6.770000E-03,-3.561558E-03,+4.948768E-03
+6.775000E-03,-3.561558E-03,+4.928668E-03
+6.780000E-03,-3.561558E-03,+4.898280E-03
+6.785000E-03,-3.346182E-03,+4.888467E-03
+6.790000E-03,-3.561558E-03,+4.903423E-03
+6.795000E-03,-2.546780E-03,+4.832953E-03
+6.800000E-03,-2.477844E-03,+4.777795E-03
+6.805000E-03,-3.125673E-03,+4.808065E-03
+6.810000E-03,-3.561558E-03,+4.662336E-03
+6.815000E-03,-3.561558E-03,+4.777795E-03
+6.820000E-03,-3.129104E-03,+4.807827E-03
+6.825000E-03,-2.839658E-03,+4.853291E-03
+6.830000E-03,-3.561558E-03,+4.792632E-03
+6.835000E-03,-3.561558E-03,+4.652167E-03
+6.840000E-03,-3.561558E-03,+4.667362E-03
+6.845000E-03,-3.561558E-03,+4.652167E-03
+6.850000E-03,-3.201473E-03,+4.677173E-03
+6.855000E-03,-3.561558E-03,+4.732689E-03
+6.860000E-03,-1.752513E-03,+4.777795E-03
+6.865000E-03,-2.980936E-03,+4.611846E-03
+6.870000E-03,-3.270382E-03,+4.652167E-03
+6.875000E-03,-3.561558E-03,+4.652167E-03
+6.880000E-03,-1.752513E-03,+4.672147E-03
+6.885000E-03,-3.561558E-03,+4.526539E-03
+6.890000E-03,-1.676685E-03,+4.652167E-03
+6.895000E-03,-3.561558E-03,+4.571885E-03
+6.900000E-03,-2.116057E-03,+4.626921E-03
+6.905000E-03,-3.561558E-03,+4.406056E-03
+6.910000E-03,-1.752513E-03,+4.637212E-03
+6.915000E-03,-3.561558E-03,+4.491484E-03
+6.920000E-03,-2.546753E-03,+4.400911E-03
+6.925000E-03,-3.561558E-03,+4.400911E-03
+6.930000E-03,-3.561558E-03,+4.496267E-03
+6.935000E-03,-3.561558E-03,+4.390739E-03
+6.940000E-03,-1.895492E-03,+4.516610E-03
+6.945000E-03,-3.129132E-03,+4.556568E-03
+6.950000E-03,-665.339E-06,+4.400911E-03
+6.955000E-03,-1.752513E-03,+4.400911E-03
+6.960000E-03,-3.561558E-03,+4.275283E-03
+6.965000E-03,-3.561558E-03,+4.275283E-03
+6.970000E-03,-1.752513E-03,+4.275283E-03
+6.975000E-03,-1.752513E-03,+4.375907E-03
+6.980000E-03,-1.752513E-03,+4.230178E-03
+6.985000E-03,-813.563E-06,+4.275283E-03
+6.990000E-03,-2.333162E-03,+4.275283E-03
+6.995000E-03,-3.852761E-03,+4.255060E-03
+7.000000E-03,-1.754270E-03,+4.275161E-03
+7.005000E-03,-3.273869E-03,+4.275283E-03
+7.010000E-03,-3.561558E-03,+4.149654E-03
+7.015000E-03,-3.561558E-03,+4.209834E-03
+7.020000E-03,-2.405531E-03,+4.069375E-03
+7.025000E-03,-3.561558E-03,+4.174903E-03
+7.030000E-03,-3.561558E-03,+4.144507E-03
+7.035000E-03,-3.561558E-03,+4.038979E-03
+7.040000E-03,-2.762045E-03,+4.114601E-03
+7.045000E-03,-2.767345E-03,+4.094501E-03
+7.050000E-03,-3.561558E-03,+4.074400E-03
+7.055000E-03,-3.561558E-03,+4.024026E-03
+7.060000E-03,-1.752513E-03,+4.129308E-03
+7.065000E-03,-1.895464E-03,+4.033954E-03
+7.070000E-03,-3.129160E-03,+4.024026E-03
+7.075000E-03,-1.752513E-03,+4.024026E-03
+7.080000E-03,-2.550268E-03,+3.913227E-03
+7.085000E-03,-3.561558E-03,+3.933697E-03
+7.090000E-03,-1.971375E-03,+4.024026E-03
+7.095000E-03,-3.561558E-03,+4.024026E-03
+7.100000E-03,-3.201528E-03,+3.923400E-03
+7.105000E-03,-2.912082E-03,+3.978924E-03
+7.110000E-03,-3.561558E-03,+3.898398E-03
+7.115000E-03,-1.752513E-03,+3.898398E-03
+7.120000E-03,-3.270326E-03,+3.772770E-03
+7.125000E-03,-3.561558E-03,+3.772770E-03
+7.130000E-03,-1.752513E-03,+3.984073E-03
+7.135000E-03,-2.329619E-03,+3.943873E-03
+7.140000E-03,-3.561558E-03,+3.832947E-03
+7.145000E-03,-5.370603E-03,+3.772770E-03
+7.150000E-03,-3.561558E-03,+3.647142E-03
+7.155000E-03,-3.561558E-03,+3.888099E-03
+7.160000E-03,-3.561558E-03,+3.757819E-03
+7.165000E-03,-4.066296E-03,+3.647142E-03
+7.170000E-03,-4.355742E-03,+3.647142E-03
+7.175000E-03,-3.561558E-03,+3.772770E-03
+7.180000E-03,-3.561558E-03,+3.712219E-03
+7.185000E-03,-3.415035E-03,+3.647142E-03
+7.190000E-03,-1.752513E-03,+3.521514E-03
+7.195000E-03,-1.752513E-03,+3.455937E-03
+7.200000E-03,-2.839742E-03,+3.521514E-03
+7.205000E-03,-2.763775E-03,+3.576915E-03
+7.210000E-03,-3.053221E-03,+3.556815E-03
+7.215000E-03,-1.752513E-03,+3.536715E-03
+7.220000E-03,-3.491002E-03,+3.642242E-03
+7.225000E-03,-2.112514E-03,+3.521514E-03
+7.230000E-03,-1.752513E-03,+3.556941E-03
+7.235000E-03,-2.622664E-03,+3.521514E-03
+7.240000E-03,-2.980852E-03,+3.395886E-03
+7.245000E-03,-2.043772E-03,+3.395886E-03
+7.250000E-03,-3.561558E-03,+3.521514E-03
+7.255000E-03,-1.752513E-03,+3.521514E-03
+7.260000E-03,-2.984479E-03,+3.395886E-03
+7.265000E-03,-2.695032E-03,+3.330433E-03
+7.270000E-03,-2.908484E-03,+3.350533E-03
+7.275000E-03,-3.197930E-03,+3.270258E-03
+7.280000E-03,-3.487376E-03,+3.390734E-03
+7.285000E-03,-1.752513E-03,+3.395886E-03
+7.290000E-03,-2.257223E-03,+3.360836E-03
+7.295000E-03,-2.767401E-03,+3.340736E-03
+7.300000E-03,-1.752513E-03,+3.345508E-03
+7.305000E-03,-2.188509E-03,+3.270258E-03
+7.310000E-03,-3.561558E-03,+3.270258E-03
+7.315000E-03,-3.704454E-03,+3.270258E-03
+7.320000E-03,-1.752513E-03,+3.174653E-03
+7.325000E-03,-2.474301E-03,+3.345761E-03
+7.330000E-03,-2.550323E-03,+3.200033E-03
+7.335000E-03,-3.053193E-03,+3.234954E-03
+7.340000E-03,-3.342639E-03,+3.270258E-03
+7.345000E-03,-1.752513E-03,+3.265360E-03
+7.350000E-03,-2.112486E-03,+3.144629E-03
+7.355000E-03,-1.752513E-03,+3.189728E-03
+7.360000E-03,-2.622692E-03,+3.205058E-03
+7.365000E-03,-2.333246E-03,+3.184958E-03
+7.370000E-03,-1.752513E-03,+3.250029E-03
+7.375000E-03,-1.752513E-03,+3.270258E-03
+7.380000E-03,-1.752513E-03,+3.164602E-03
+7.385000E-03,-1.752513E-03,+3.104556E-03
+7.390000E-03,-2.619010E-03,+3.144629E-03
+7.395000E-03,-2.908456E-03,+3.144629E-03
+7.400000E-03,-1.752513E-03,+3.044255E-03
+7.405000E-03,-3.487348E-03,+3.019001E-03
+7.410000E-03,-1.967749E-03,+3.019001E-03
+7.415000E-03,-2.257195E-03,+3.054049E-03
+7.420000E-03,-1.752513E-03,+3.089482E-03
+7.425000E-03,-2.836088E-03,+2.968621E-03
+7.430000E-03,-1.752513E-03,+3.019001E-03
+7.435000E-03,-3.561558E-03,+2.903552E-03
+7.440000E-03,-1.752513E-03,+2.893373E-03
+7.445000E-03,-3.129243E-03,+3.019001E-03
+7.450000E-03,-1.752513E-03,+2.943495E-03
+7.455000E-03,-1.752513E-03,+3.019001E-03
+7.460000E-03,-3.561558E-03,+2.983696E-03
+7.465000E-03,-1.971459E-03,+2.908578E-03
+7.470000E-03,-3.561558E-03,+3.019001E-03
+7.475000E-03,-1.752513E-03,+2.893373E-03
+7.480000E-03,-3.561558E-03,+2.973905E-03
+7.485000E-03,-1.752513E-03,+2.898139E-03
+7.490000E-03,-1.171752E-03,+2.893373E-03
+7.495000E-03,-3.561558E-03,+2.998771E-03
+7.500000E-03,-3.561558E-03,+2.893243E-03
+7.505000E-03,-3.273980E-03,+2.873402E-03
+7.510000E-03,-4.138581E-03,+2.807816E-03
+7.515000E-03,-4.504133E-03,+2.767745E-03
+7.520000E-03,-3.561558E-03,+2.848017E-03
+7.525000E-03,-3.197874E-03,+2.868117E-03
+7.530000E-03,-1.752513E-03,+2.767745E-03
+7.535000E-03,-1.967722E-03,+2.767745E-03
+7.540000E-03,-1.752513E-03,+2.767745E-03
+7.545000E-03,-3.561558E-03,+2.822891E-03
+7.550000E-03,-2.836060E-03,+2.792609E-03
+7.555000E-03,-3.125506E-03,+2.642117E-03
+7.560000E-03,-1.752513E-03,+2.652298E-03
+7.565000E-03,-3.561558E-03,+2.757825E-03
+7.570000E-03,-3.561558E-03,+2.737725E-03
+7.575000E-03,-3.561558E-03,+2.717625E-03
+7.580000E-03,-1.752513E-03,+2.697524E-03
+7.585000E-03,-3.561558E-03,+2.767745E-03
+7.590000E-03,-1.971487E-03,+2.752538E-03
+7.595000E-03,-3.491086E-03,+2.642117E-03
+7.600000E-03,-3.561558E-03,+2.566477E-03
+7.605000E-03,-2.912193E-03,+2.642117E-03
+7.610000E-03,-2.691323E-03,+2.702550E-03
+7.615000E-03,-2.980769E-03,+2.601784E-03
+7.620000E-03,-1.752513E-03,+2.621885E-03
+7.625000E-03,-1.754409E-03,+2.516620E-03
+7.630000E-03,-1.752513E-03,+2.410829E-03
+7.635000E-03,-1.752513E-03,+2.561979E-03
+7.640000E-03,-2.695116E-03,+2.642117E-03
+7.645000E-03,-1.752513E-03,+2.516489E-03
+7.650000E-03,-1.752513E-03,+2.416118E-03
+7.655000E-03,-1.752513E-03,+2.516489E-03
+7.660000E-03,-1.752513E-03,+2.501546E-03
+7.665000E-03,-2.257140E-03,+2.481445E-03
+7.670000E-03,-3.561558E-03,+2.501149E-03
+7.675000E-03,-1.752513E-03,+2.516489E-03
+7.680000E-03,-1.752513E-03,+2.390861E-03
+7.685000E-03,-3.561558E-03,+2.516489E-03
+7.690000E-03,-3.418745E-03,+2.506571E-03
+7.695000E-03,-1.752513E-03,+2.486471E-03
+7.700000E-03,-2.474217E-03,+2.390861E-03
+7.705000E-03,-3.561558E-03,+2.461079E-03
+7.710000E-03,-2.260961E-03,+2.355552E-03
+7.715000E-03,-1.752513E-03,+2.390861E-03
+7.720000E-03,-3.561558E-03,+2.385969E-03
+7.725000E-03,-2.112403E-03,+2.390861E-03
+7.730000E-03,-2.912221E-03,+2.390861E-03
+7.735000E-03,-1.752513E-03,+2.456054E-03
+7.740000E-03,-2.333329E-03,+2.390861E-03
+7.745000E-03,-2.043883E-03,+2.285466E-03
+7.750000E-03,-1.754437E-03,+2.390861E-03
+7.755000E-03,-3.561558E-03,+2.370894E-03
+7.760000E-03,-1.752513E-03,+2.350793E-03
+7.765000E-03,-809.881E-06,+2.396153E-03
+7.770000E-03,-1.752513E-03,+2.265232E-03
+7.775000E-03,-1.752513E-03,+2.190124E-03
+7.780000E-03,-1.752513E-03,+2.385701E-03
+7.785000E-03,-1.537359E-03,+2.139604E-03
+7.790000E-03,-1.752513E-03,+2.300274E-03
+7.795000E-03,-958.467E-06,+2.320374E-03
+7.800000E-03,-1.752513E-03,+2.265232E-03
+7.805000E-03,-1.752513E-03,+2.234947E-03
+7.810000E-03,-90.129E-06,+2.149789E-03
+7.815000E-03,-1.752513E-03,+2.265232E-03
+7.820000E-03,-1.752513E-03,+2.360844E-03
+7.825000E-03,+56.533E-06,+2.139604E-03
+7.830000E-03,-1.752513E-03,+2.195015E-03
+7.835000E-03,-3.053082E-03,+2.174915E-03
+7.840000E-03,-1.752513E-03,+2.250022E-03
+7.845000E-03,-13.884E-06,+2.144494E-03
+7.850000E-03,-1.752513E-03,+2.240242E-03
+7.855000E-03,-1.752513E-03,+2.220142E-03
+7.860000E-03,-1.752513E-03,+2.139604E-03
+7.865000E-03,-2.980713E-03,+2.179941E-03
+7.870000E-03,-3.561558E-03,+2.139604E-03
+7.875000E-03,-1.752513E-03,+2.139740E-03
+7.880000E-03,-2.040007E-03,+2.139604E-03
+7.885000E-03,-2.329453E-03,+2.139604E-03
+7.890000E-03,-2.695171E-03,+2.139604E-03
+7.895000E-03,-2.405725E-03,+1.968614E-03
+7.900000E-03,-3.561558E-03,+2.114343E-03
+7.905000E-03,-3.487237E-03,+2.134443E-03
+7.910000E-03,-1.967638E-03,+2.139604E-03
+7.915000E-03,-1.752513E-03,+2.049016E-03
+7.920000E-03,-1.752513E-03,+2.069116E-03
+7.925000E-03,-3.561558E-03,+2.139604E-03
+7.930000E-03,-1.752513E-03,+2.109317E-03
+7.935000E-03,-3.414869E-03,+1.898535E-03
+7.940000E-03,-3.418801E-03,+2.013976E-03
+7.945000E-03,-3.561558E-03,+1.888348E-03
+7.950000E-03,-3.561558E-03,+2.013976E-03
+7.955000E-03,-954.563E-06,+1.958563E-03
+7.960000E-03,-3.561558E-03,+1.923661E-03
+7.965000E-03,-1.971570E-03,+1.903560E-03
+7.970000E-03,-1.752513E-03,+1.893236E-03
+7.975000E-03,-3.201723E-03,+2.013976E-03
+7.980000E-03,-1.752513E-03,+2.059065E-03
+7.985000E-03,-1.752513E-03,+2.083916E-03
+7.990000E-03,-1.752513E-03,+1.888348E-03
+7.995000E-03,-1.752513E-03,+1.908586E-03
+8.000000E-03,-1.754492E-03,+2.139329E-03
+8.005000E-03,-2.039979E-03,+1.908311E-03
+8.010000E-03,-1.752513E-03,+1.888348E-03
+8.015000E-03,-1.752513E-03,+1.888348E-03
+8.020000E-03,-2.405753E-03,+1.933712E-03
+8.025000E-03,-3.561558E-03,+1.787983E-03
+8.030000E-03,-1.826861E-03,+1.883185E-03
+8.035000E-03,-3.346460E-03,+1.999039E-03
+8.040000E-03,-2.257056E-03,+1.853310E-03
+8.045000E-03,-3.561558E-03,+1.833210E-03
+8.050000E-03,-2.478122E-03,+1.888348E-03
+8.055000E-03,-3.561558E-03,+1.762720E-03
+8.060000E-03,-3.561558E-03,+2.003787E-03
+8.065000E-03,-1.752513E-03,+1.772632E-03
+8.070000E-03,-3.561558E-03,+1.667104E-03
+8.075000E-03,-3.561558E-03,+1.838235E-03
+8.080000E-03,-3.561558E-03,+1.888348E-03
+8.085000E-03,-3.053026E-03,+1.978661E-03
+8.090000E-03,-3.561558E-03,+1.777934E-03
+8.095000E-03,-3.561558E-03,+1.888348E-03
+8.100000E-03,-2.112320E-03,+1.737733E-03
+8.105000E-03,-3.561558E-03,+1.682179E-03
+8.110000E-03,-3.561558E-03,+1.827907E-03
+8.115000E-03,-2.980658E-03,+1.762720E-03
+8.120000E-03,-3.561558E-03,+1.762720E-03
+8.125000E-03,-1.752513E-03,+1.762720E-03
+8.130000E-03,-3.561558E-03,+1.762720E-03
+8.135000E-03,-3.561558E-03,+1.848287E-03
+8.140000E-03,-1.752513E-03,+1.768024E-03
+8.145000E-03,-3.561558E-03,+1.762720E-03
+8.150000E-03,-3.561558E-03,+1.637092E-03
+8.155000E-03,-3.487182E-03,+1.637092E-03
+8.160000E-03,-1.752513E-03,+1.637092E-03
+8.165000E-03,-2.257029E-03,+1.762720E-03
+8.170000E-03,-2.546475E-03,+1.637092E-03
+8.175000E-03,-3.561558E-03,+1.762720E-03
+8.180000E-03,-3.561558E-03,+1.762720E-03
+8.185000E-03,-1.899257E-03,+1.742339E-03
+8.190000E-03,-3.561558E-03,+1.742900E-03
+8.195000E-03,-1.752513E-03,+1.511464E-03
+8.200000E-03,-1.752513E-03,+1.637092E-03
+8.205000E-03,-2.550518E-03,+1.692509E-03
+8.210000E-03,-3.561558E-03,+1.762720E-03
+8.215000E-03,-3.561558E-03,+1.637092E-03
+8.220000E-03,-1.752513E-03,+1.516348E-03
+8.225000E-03,-2.112292E-03,+1.637092E-03
+8.230000E-03,-2.401738E-03,+1.592007E-03
+8.235000E-03,-1.752513E-03,+1.571906E-03
+8.240000E-03,-3.561558E-03,+1.596749E-03
+8.245000E-03,-1.752513E-03,+1.637092E-03
+8.250000E-03,-3.561558E-03,+1.637092E-03
+8.255000E-03,-1.752513E-03,+1.637092E-03
+8.260000E-03,-2.984701E-03,+1.762720E-03
+8.265000E-03,-2.618816E-03,+1.702560E-03
+8.270000E-03,-3.561558E-03,+1.556831E-03
+8.275000E-03,-3.561558E-03,+1.637092E-03
+8.280000E-03,-3.561558E-03,+1.637092E-03
+8.285000E-03,-3.776600E-03,+1.637092E-03
+8.290000E-03,-3.561558E-03,+1.511464E-03
+8.295000E-03,-4.576668E-03,+1.581957E-03
+8.300000E-03,-4.287222E-03,+1.511464E-03
+8.305000E-03,-4.934384E-03,+1.511464E-03
+8.310000E-03,-5.370603E-03,+1.521656E-03
+8.315000E-03,-3.704232E-03,+1.627184E-03
+8.320000E-03,-3.561558E-03,+1.637092E-03
+8.325000E-03,-3.561558E-03,+1.461355E-03
+8.330000E-03,-2.763525E-03,+1.566883E-03
+8.335000E-03,-3.561558E-03,+1.511464E-03
+8.340000E-03,-3.561558E-03,+1.511464E-03
+8.345000E-03,-1.822818E-03,+1.511464E-03
+8.350000E-03,-2.112264E-03,+1.511464E-03
+8.355000E-03,-2.912360E-03,+1.592009E-03
+8.360000E-03,-2.691156E-03,+1.451019E-03
+8.365000E-03,-2.333468E-03,+1.596748E-03
+8.370000E-03,-3.561558E-03,+1.616848E-03
+8.375000E-03,-3.561558E-03,+1.636948E-03
+8.380000E-03,-3.561558E-03,+1.491506E-03
+8.385000E-03,-2.329342E-03,+1.300265E-03
+8.390000E-03,-3.561558E-03,+1.445993E-03
+8.395000E-03,-1.752513E-03,+1.340466E-03
+8.400000E-03,-3.197680E-03,+1.385835E-03
+8.405000E-03,-1.752513E-03,+1.506295E-03
+8.410000E-03,-1.752513E-03,+1.400767E-03
+8.415000E-03,-3.561558E-03,+1.385835E-03
+8.420000E-03,-4.355464E-03,+1.440968E-03
+8.425000E-03,-3.561558E-03,+1.436231E-03
+8.430000E-03,-3.561558E-03,+1.511464E-03
+8.435000E-03,-3.561558E-03,+1.375641E-03
+8.440000E-03,-3.561558E-03,+1.385835E-03
+8.445000E-03,-3.561558E-03,+1.415842E-03
+8.450000E-03,-2.474051E-03,+1.360421E-03
+8.455000E-03,-2.550573E-03,+1.385835E-03
+8.460000E-03,-1.752513E-03,+1.385835E-03
+8.465000E-03,-1.971681E-03,+1.401055E-03
+8.470000E-03,-3.561558E-03,+1.385835E-03
+8.475000E-03,-3.561558E-03,+1.385835E-03
+8.480000E-03,-3.561558E-03,+1.340754E-03
+8.485000E-03,-3.561558E-03,+1.260207E-03
+8.490000E-03,-3.561558E-03,+1.260207E-03
+8.495000E-03,-2.044050E-03,+1.365590E-03
+8.500000E-03,-3.561558E-03,+1.385835E-03
+8.505000E-03,-3.561558E-03,+1.385835E-03
+8.510000E-03,-3.561558E-03,+1.300263E-03
+8.515000E-03,-3.561558E-03,+1.391151E-03
+8.520000E-03,-3.561558E-03,+1.466092E-03
+8.525000E-03,-3.561558E-03,+1.260207E-03
+8.530000E-03,-3.561558E-03,+1.380665E-03
+8.535000E-03,-3.776544E-03,+1.370906E-03
+8.540000E-03,-2.256945E-03,+1.295237E-03
+8.545000E-03,-2.767679E-03,+1.330705E-03
+8.550000E-03,-2.478233E-03,+1.310605E-03
+8.555000E-03,-1.752513E-03,+1.260207E-03
+8.560000E-03,-3.414730E-03,+1.260207E-03
+8.565000E-03,-3.561558E-03,+1.260207E-03
+8.570000E-03,-3.129493E-03,+1.260207E-03
+8.575000E-03,-3.561558E-03,+1.210102E-03
+8.580000E-03,-3.561558E-03,+1.190002E-03
+8.585000E-03,-3.561558E-03,+1.134579E-03
+8.590000E-03,-3.342361E-03,+1.244985E-03
+8.595000E-03,-1.752513E-03,+1.139458E-03
+8.600000E-03,-3.201862E-03,+1.109600E-03
+8.605000E-03,-3.561558E-03,+1.134579E-03
+8.610000E-03,-2.622970E-03,+1.134579E-03
+8.615000E-03,-3.561558E-03,+1.134579E-03
+8.620000E-03,-3.561558E-03,+1.114332E-03
+8.625000E-03,-3.561558E-03,+1.009098E-03
+8.630000E-03,-3.561558E-03,+1.220301E-03
+8.635000E-03,-2.329286E-03,+1.180100E-03
+8.640000E-03,-3.561558E-03,+1.008951E-03
+8.645000E-03,-3.561558E-03,+1.134579E-03
+8.650000E-03,-3.561558E-03,+1.134579E-03
+8.655000E-03,-3.487071E-03,+1.134579E-03
+8.660000E-03,-3.561558E-03,+1.134579E-03
+8.665000E-03,-4.866198E-03,+1.134579E-03
+8.670000E-03,-1.752513E-03,+1.008951E-03
+8.675000E-03,-3.561558E-03,+1.134579E-03
+8.680000E-03,-2.188814E-03,+1.229909E-03
+8.685000E-03,-1.752513E-03,+1.124381E-03
+8.690000E-03,-1.752513E-03,+1.144481E-03
+8.695000E-03,-1.752513E-03,+1.230205E-03
+8.700000E-03,-2.840075E-03,+1.084476E-03
+8.705000E-03,-1.752513E-03,+1.134579E-03
+8.710000E-03,-3.052887E-03,+1.134579E-03
+8.715000E-03,-3.342334E-03,+1.119355E-03
+8.720000E-03,-1.822734E-03,+1.134579E-03
+8.725000E-03,-3.561558E-03,+1.159556E-03
+8.730000E-03,-3.561558E-03,+1.134579E-03
+8.735000E-03,-1.752513E-03,+1.199757E-03
+8.740000E-03,-2.333551E-03,+1.134579E-03
+8.745000E-03,-1.752513E-03,+1.134579E-03
+8.750000E-03,-3.559411E-03,+1.134430E-03
+8.755000E-03,-3.561558E-03,+1.008951E-03
+8.760000E-03,-1.752513E-03,+1.094527E-03
+8.765000E-03,-3.638219E-03,+1.069103E-03
+8.770000E-03,-3.561558E-03,+1.134579E-03
+8.775000E-03,-3.561558E-03,+1.034226E-03
+8.780000E-03,-1.752513E-03,+888.498E-06
+8.785000E-03,-1.752513E-03,+1.134579E-03
+8.790000E-03,-1.752513E-03,+1.008951E-03
+8.795000E-03,-3.561558E-03,+883.323E-06
+8.800000E-03,-3.561558E-03,+1.084178E-03
+8.805000E-03,-3.561558E-03,+1.008951E-03
+8.810000E-03,-3.561558E-03,+1.124379E-03
+8.815000E-03,-1.752513E-03,+999.051E-06
+8.820000E-03,-1.752513E-03,+1.038952E-03
+8.825000E-03,-2.473967E-03,+883.323E-06
+8.830000E-03,-2.550657E-03,+1.008951E-03
+8.835000E-03,-452.165E-06,+1.008951E-03
+8.840000E-03,-1.752513E-03,+1.008951E-03
+8.845000E-03,-3.491364E-03,+1.004076E-03
+8.850000E-03,-3.561558E-03,+908.298E-06
+8.855000E-03,-4.210644E-03,+1.044428E-03
+8.860000E-03,-3.561558E-03,+883.323E-06
+8.865000E-03,-2.333579E-03,+968.599E-06
+8.870000E-03,-1.752513E-03,+988.700E-06
+8.875000E-03,-1.752513E-03,+1.008800E-03
+8.880000E-03,-3.561558E-03,+1.008951E-03
+8.885000E-03,-2.984840E-03,+883.323E-06
+8.890000E-03,-1.752513E-03,+883.323E-06
+8.895000E-03,-2.908123E-03,+928.700E-06
+8.900000E-03,-2.116501E-03,+1.008951E-03
+8.905000E-03,-1.752513E-03,+1.008951E-03
+8.910000E-03,-1.752513E-03,+883.323E-06
+8.915000E-03,-2.256862E-03,+973.927E-06
+8.920000E-03,-2.546308E-03,+953.826E-06
+8.925000E-03,-669.271E-06,+1.008951E-03
+8.930000E-03,-1.752513E-03,+978.648E-06
+8.935000E-03,-3.561558E-03,+1.008951E-03
+8.940000E-03,-1.895047E-03,+1.124681E-03
+8.945000E-03,-1.752513E-03,+948.954E-06
+8.950000E-03,-4.649176E-03,+883.323E-06
+8.955000E-03,-2.763386E-03,+868.552E-06
+8.960000E-03,-3.561558E-03,+918.651E-06
+8.965000E-03,-3.561558E-03,+898.551E-06
+8.970000E-03,-1.822679E-03,+767.440E-06
+8.975000E-03,-3.201945E-03,+908.296E-06
+8.980000E-03,-3.561558E-03,+928.396E-06
+8.985000E-03,-1.752513E-03,+822.869E-06
+8.990000E-03,-3.561558E-03,+798.048E-06
+8.995000E-03,-3.561558E-03,+757.695E-06
+9.000000E-03,-5.368401E-03,+883.476E-06
+9.005000E-03,-3.848802E-03,+883.323E-06
+9.010000E-03,-3.561558E-03,+797.743E-06
+9.015000E-03,-3.561558E-03,+823.175E-06
+9.020000E-03,-3.561558E-03,+963.572E-06
+9.025000E-03,-3.561558E-03,+858.044E-06
+9.030000E-03,-1.827083E-03,+762.873E-06
+9.035000E-03,-3.346682E-03,+868.401E-06
+9.040000E-03,-3.561558E-03,+883.323E-06
+9.045000E-03,-1.752513E-03,+883.323E-06
+9.050000E-03,-3.561558E-03,+732.876E-06
+9.055000E-03,-3.561558E-03,+883.323E-06
+9.060000E-03,-3.561558E-03,+652.475E-06
+9.065000E-03,-3.561558E-03,+873.427E-06
+9.070000E-03,-3.129605E-03,+853.326E-06
+9.075000E-03,-2.473912E-03,+807.792E-06
+9.080000E-03,-3.561558E-03,+813.125E-06
+9.085000E-03,-3.052804E-03,+757.695E-06
+9.090000E-03,-3.561558E-03,+868.093E-06
+9.095000E-03,,
